character,code_point,unicode_name
a,U+0061,LATIN SMALL LETTER A
s,U+0073,LATIN SMALL LETTER S
d,U+0064,LATIN SMALL LETTER D
f,U+0066,LATIN SMALL LETTER F
h,U+0068,LATIN SMALL LETTER H
g,U+0067,LATIN SMALL LETTER G
y,U+0079,LATIN SMALL LETTER Y
x,U+0078,LATIN SMALL LETTER X
c,U+0063,LATIN SMALL LETTER C
v,U+0076,LATIN SMALL LETTER V
0,U+0030,DIGIT ZERO
b,U+0062,LATIN SMALL LETTER B
q,U+0071,LATIN SMALL LETTER Q
w,U+0077,LATIN SMALL LETTER W
e,U+0065,LATIN SMALL LETTER E
r,U+0072,LATIN SMALL LETTER R
z,U+007A,LATIN SMALL LETTER Z
t,U+0074,LATIN SMALL LETTER T
1,U+0031,DIGIT ONE
2,U+0032,DIGIT TWO
3,U+0033,DIGIT THREE
4,U+0034,DIGIT FOUR
6,U+0036,DIGIT SIX
5,U+0035,DIGIT FIVE
ó,U+00F3,LATIN SMALL LETTER O WITH ACUTE
9,U+0039,DIGIT NINE
7,U+0037,DIGIT SEVEN
ü,U+00FC,LATIN SMALL LETTER U WITH DIAERESIS
8,U+0038,DIGIT EIGHT
ö,U+00F6,LATIN SMALL LETTER O WITH DIAERESIS
ú,U+00FA,LATIN SMALL LETTER U WITH ACUTE
o,U+006F,LATIN SMALL LETTER O
u,U+0075,LATIN SMALL LETTER U
ő,U+0151,LATIN SMALL LETTER O WITH DOUBLE ACUTE
i,U+0069,LATIN SMALL LETTER I
p,U+0070,LATIN SMALL LETTER P
l,U+006C,LATIN SMALL LETTER L
j,U+006A,LATIN SMALL LETTER J
á,U+00E1,LATIN SMALL LETTER A WITH ACUTE
k,U+006B,LATIN SMALL LETTER K
é,U+00E9,LATIN SMALL LETTER E WITH ACUTE
ű,U+0171,LATIN SMALL LETTER U WITH DOUBLE ACUTE
",",U+002C,COMMA
-,U+002D,HYPHEN-MINUS
n,U+006E,LATIN SMALL LETTER N
m,U+006D,LATIN SMALL LETTER M
.,U+002E,FULL STOP
 ,U+0020,SPACE
í,U+00ED,LATIN SMALL LETTER I WITH ACUTE
A,U+0041,LATIN CAPITAL LETTER A
S,U+0053,LATIN CAPITAL LETTER S
D,U+0044,LATIN CAPITAL LETTER D
F,U+0046,LATIN CAPITAL LETTER F
H,U+0048,LATIN CAPITAL LETTER H
G,U+0047,LATIN CAPITAL LETTER G
Y,U+0059,LATIN CAPITAL LETTER Y
X,U+0058,LATIN CAPITAL LETTER X
C,U+0043,LATIN CAPITAL LETTER C
V,U+0056,LATIN CAPITAL LETTER V
§,U+00A7,SECTION SIGN
B,U+0042,LATIN CAPITAL LETTER B
Q,U+0051,LATIN CAPITAL LETTER Q
W,U+0057,LATIN CAPITAL LETTER W
E,U+0045,LATIN CAPITAL LETTER E
R,U+0052,LATIN CAPITAL LETTER R
Z,U+005A,LATIN CAPITAL LETTER Z
T,U+0054,LATIN CAPITAL LETTER T
',U+0027,APOSTROPHE
"""",U+0022,QUOTATION MARK
+,U+002B,PLUS SIGN
!,U+0021,EXCLAMATION MARK
/,U+002F,SOLIDUS
%,U+0025,PERCENT SIGN
Ó,U+00D3,LATIN CAPITAL LETTER O WITH ACUTE
),U+0029,RIGHT PARENTHESIS
=,U+003D,EQUALS SIGN
Ü,U+00DC,LATIN CAPITAL LETTER U WITH DIAERESIS
(,U+0028,LEFT PARENTHESIS
Ö,U+00D6,LATIN CAPITAL LETTER O WITH DIAERESIS
Ú,U+00DA,LATIN CAPITAL LETTER U WITH ACUTE
O,U+004F,LATIN CAPITAL LETTER O
U,U+0055,LATIN CAPITAL LETTER U
Ő,U+0150,LATIN CAPITAL LETTER O WITH DOUBLE ACUTE
I,U+0049,LATIN CAPITAL LETTER I
P,U+0050,LATIN CAPITAL LETTER P
L,U+004C,LATIN CAPITAL LETTER L
J,U+004A,LATIN CAPITAL LETTER J
Á,U+00C1,LATIN CAPITAL LETTER A WITH ACUTE
K,U+004B,LATIN CAPITAL LETTER K
É,U+00C9,LATIN CAPITAL LETTER E WITH ACUTE
Ű,U+0170,LATIN CAPITAL LETTER U WITH DOUBLE ACUTE
?,U+003F,QUESTION MARK
_,U+005F,LOW LINE
N,U+004E,LATIN CAPITAL LETTER N
M,U+004D,LATIN CAPITAL LETTER M
:,U+003A,COLON
Í,U+00CD,LATIN CAPITAL LETTER I WITH ACUTE
*,U+002A,ASTERISK
ą,U+0105,LATIN SMALL LETTER A WITH OGONEK
ß,U+00DF,LATIN SMALL LETTER SHARP S
∂,U+2202,PARTIAL DIFFERENTIAL
ń,U+0144,LATIN SMALL LETTER N WITH ACUTE
ķ,U+0137,LATIN SMALL LETTER K WITH CEDILLA
©,U+00A9,COPYRIGHT SIGN
«,U+00AB,LEFT-POINTING DOUBLE ANGLE QUOTATION MARK
»,U+00BB,RIGHT-POINTING DOUBLE ANGLE QUOTATION MARK
ć,U+0107,LATIN SMALL LETTER C WITH ACUTE
„,U+201E,DOUBLE LOW-9 QUOTATION MARK
¬,U+00AC,NOT SIGN
”,U+201D,RIGHT DOUBLE QUOTATION MARK
@,U+0040,COMMERCIAL AT
ę,U+0119,LATIN SMALL LETTER E WITH OGONEK
€,U+20AC,EURO SIGN
¶,U+00B6,PILCROW SIGN
ź,U+017A,LATIN SMALL LETTER Z WITH ACUTE
†,U+2020,DAGGER
&,U+0026,AMPERSAND
™,U+2122,TRADE MARK SIGN
£,U+00A3,POUND SIGN
$,U+0024,DOLLAR SIGN
›,U+203A,SINGLE RIGHT-POINTING ANGLE QUOTATION MARK
‹,U+2039,SINGLE LEFT-POINTING ANGLE QUOTATION MARK
≠,U+2260,NOT EQUAL TO
],U+005D,RIGHT SQUARE BRACKET
{,U+007B,LEFT CURLY BRACKET
\,U+005C,REVERSE SOLIDUS
[,U+005B,LEFT SQUARE BRACKET
},U+007D,RIGHT CURLY BRACKET
~,U+007E,TILDE
Ņ,U+0145,LATIN CAPITAL LETTER N WITH CEDILLA
¨,U+00A8,DIAERESIS
^,U+005E,CIRCUMFLEX ACCENT
Ļ,U+013B,LATIN CAPITAL LETTER L WITH CEDILLA
•,U+2022,BULLET
∆,U+2206,INCREMENT
Ż,U+017B,LATIN CAPITAL LETTER Z WITH DOT ABOVE
…,U+2026,HORIZONTAL ELLIPSIS
`,U+0060,GRAVE ACCENT
–,U+2013,EN DASH
Ķ,U+0136,LATIN CAPITAL LETTER K WITH CEDILLA
;,U+003B,SEMICOLON
 ,U+00A0,NO-BREAK SPACE
|,U+007C,VERTICAL LINE
Ą,U+0104,LATIN CAPITAL LETTER A WITH OGONEK
ż,U+017C,LATIN SMALL LETTER Z WITH DOT ABOVE
Ž,U+017D,LATIN CAPITAL LETTER Z WITH CARON
ž,U+017E,LATIN SMALL LETTER Z WITH CARON
Õ,U+00D5,LATIN CAPITAL LETTER O WITH TILDE
Ū,U+016A,LATIN CAPITAL LETTER U WITH MACRON
<,U+003C,LESS-THAN SIGN
>,U+003E,GREATER-THAN SIGN
‚,U+201A,SINGLE LOW-9 QUOTATION MARK
’,U+2019,RIGHT SINGLE QUOTATION MARK
ļ,U+013C,LATIN SMALL LETTER L WITH CEDILLA
Ł,U+0141,LATIN CAPITAL LETTER L WITH STROKE
š,U+0161,LATIN SMALL LETTER S WITH CARON
®,U+00AE,REGISTERED SIGN
Ź,U+0179,LATIN CAPITAL LETTER Z WITH ACUTE
ś,U+015B,LATIN SMALL LETTER S WITH ACUTE
ŕ,U+0155,LATIN SMALL LETTER R WITH ACUTE
Ř,U+0158,LATIN CAPITAL LETTER R WITH CARON
#,U+0023,NUMBER SIGN
Ŗ,U+0156,LATIN CAPITAL LETTER R WITH CEDILLA
ř,U+0159,LATIN SMALL LETTER R WITH CARON
Ī,U+012A,LATIN CAPITAL LETTER I WITH MACRON
ŗ,U+0157,LATIN SMALL LETTER R WITH CEDILLA
ī,U+012B,LATIN SMALL LETTER I WITH MACRON
°,U+00B0,DEGREE SIGN
ý,U+00FD,LATIN SMALL LETTER Y WITH ACUTE
Į,U+012E,LATIN CAPITAL LETTER I WITH OGONEK
Ý,U+00DD,LATIN CAPITAL LETTER Y WITH ACUTE
ť,U+0165,LATIN SMALL LETTER T WITH CARON
ł,U+0142,LATIN SMALL LETTER L WITH STROKE
Ů,U+016E,LATIN CAPITAL LETTER U WITH RING ABOVE
Ô,U+00D4,LATIN CAPITAL LETTER O WITH CIRCUMFLEX
ˇ,U+02C7,CARON
ō,U+014D,LATIN SMALL LETTER O WITH MACRON
Ģ,U+0122,LATIN CAPITAL LETTER G WITH CEDILLA
—,U+2014,EM DASH
Ų,U+0172,LATIN CAPITAL LETTER U WITH OGONEK
ų,U+0173,LATIN SMALL LETTER U WITH OGONEK
÷,U+00F7,DIVISION SIGN
Ŕ,U+0154,LATIN CAPITAL LETTER R WITH ACUTE
ô,U+00F4,LATIN SMALL LETTER O WITH CIRCUMFLEX
õ,U+00F5,LATIN SMALL LETTER O WITH TILDE
Č,U+010C,LATIN CAPITAL LETTER C WITH CARON
č,U+010D,LATIN SMALL LETTER C WITH CARON
Ě,U+011A,LATIN CAPITAL LETTER E WITH CARON
ě,U+011B,LATIN SMALL LETTER E WITH CARON
Ň,U+0147,LATIN CAPITAL LETTER N WITH CARON
ň,U+0148,LATIN SMALL LETTER N WITH CARON
Š,U+0160,LATIN CAPITAL LETTER S WITH CARON
Ť,U+0164,LATIN CAPITAL LETTER T WITH CARON
Ä,U+00C4,LATIN CAPITAL LETTER A WITH DIAERESIS
ä,U+00E4,LATIN SMALL LETTER A WITH DIAERESIS
´,U+00B4,ACUTE ACCENT
å,U+00E5,LATIN SMALL LETTER A WITH RING ABOVE
Å,U+00C5,LATIN CAPITAL LETTER A WITH RING ABOVE
,U+F8FF,
ƒ,U+0192,LATIN SMALL LETTER F WITH HOOK
˛,U+02DB,OGONEK
¸,U+00B8,CEDILLA
≈,U+2248,ALMOST EQUAL TO
ç,U+00E7,LATIN SMALL LETTER C WITH CEDILLA
Ω,U+03A9,GREEK CAPITAL LETTER OMEGA
µ,U+00B5,MICRO SIGN
∞,U+221E,INFINITY
±,U+00B1,PLUS-MINUS SIGN
œ,U+0153,LATIN SMALL LIGATURE OE
˙,U+02D9,DOT ABOVE
ı,U+0131,LATIN SMALL LETTER DOTLESS I
π,U+03C0,GREEK SMALL LETTER PI
ﬁ,U+FB01,LATIN SMALL LIGATURE FI
√,U+221A,SQUARE ROOT
æ,U+00E6,LATIN SMALL LETTER AE
ª,U+00AA,FEMININE ORDINAL INDICATOR
ø,U+00F8,LATIN SMALL LETTER O WITH STROKE
‘,U+2018,LEFT SINGLE QUOTATION MARK
≤,U+2264,LESS-THAN OR EQUAL TO
◊,U+25CA,LOZENGE
∑,U+2211,N-ARY SUMMATION
∫,U+222B,INTEGRAL
˘,U+02D8,BREVE
¯,U+00AF,MACRON
⁄,U+2044,FRACTION SLASH
Ç,U+00C7,LATIN CAPITAL LETTER C WITH CEDILLA
˝,U+02DD,DOUBLE ACUTE ACCENT
˜,U+02DC,SMALL TILDE
‡,U+2021,DOUBLE DAGGER
¡,U+00A1,INVERTED EXCLAMATION MARK
¥,U+00A5,YEN SIGN
¢,U+00A2,CENT SIGN
‰,U+2030,PER MILLE SIGN
¿,U+00BF,INVERTED QUESTION MARK
Œ,U+0152,LATIN CAPITAL LIGATURE OE
˚,U+02DA,RING ABOVE
ˆ,U+02C6,MODIFIER LETTER CIRCUMFLEX ACCENT
∏,U+220F,N-ARY PRODUCT
ﬂ,U+FB02,LATIN SMALL LIGATURE FL
Æ,U+00C6,LATIN CAPITAL LETTER AE
º,U+00BA,MASCULINE ORDINAL INDICATOR
Ø,U+00D8,LATIN CAPITAL LETTER O WITH STROKE
“,U+201C,LEFT DOUBLE QUOTATION MARK
·,U+00B7,MIDDLE DOT
≥,U+2265,GREATER-THAN OR EQUAL TO
À,U+00C0,LATIN CAPITAL LETTER A WITH GRAVE
Â,U+00C2,LATIN CAPITAL LETTER A WITH CIRCUMFLEX
Ã,U+00C3,LATIN CAPITAL LETTER A WITH TILDE
Ë,U+00CB,LATIN CAPITAL LETTER E WITH DIAERESIS
È,U+00C8,LATIN CAPITAL LETTER E WITH GRAVE
Ê,U+00CA,LATIN CAPITAL LETTER E WITH CIRCUMFLEX
Ï,U+00CF,LATIN CAPITAL LETTER I WITH DIAERESIS
Ì,U+00CC,LATIN CAPITAL LETTER I WITH GRAVE
Î,U+00CE,LATIN CAPITAL LETTER I WITH CIRCUMFLEX
Ñ,U+00D1,LATIN CAPITAL LETTER N WITH TILDE
Ò,U+00D2,LATIN CAPITAL LETTER O WITH GRAVE
Ù,U+00D9,LATIN CAPITAL LETTER U WITH GRAVE
Û,U+00DB,LATIN CAPITAL LETTER U WITH CIRCUMFLEX
Ÿ,U+0178,LATIN CAPITAL LETTER Y WITH DIAERESIS
à,U+00E0,LATIN SMALL LETTER A WITH GRAVE
â,U+00E2,LATIN SMALL LETTER A WITH CIRCUMFLEX
ã,U+00E3,LATIN SMALL LETTER A WITH TILDE
ë,U+00EB,LATIN SMALL LETTER E WITH DIAERESIS
è,U+00E8,LATIN SMALL LETTER E WITH GRAVE
ê,U+00EA,LATIN SMALL LETTER E WITH CIRCUMFLEX
ï,U+00EF,LATIN SMALL LETTER I WITH DIAERESIS
ì,U+00EC,LATIN SMALL LETTER I WITH GRAVE
î,U+00EE,LATIN SMALL LETTER I WITH CIRCUMFLEX
ñ,U+00F1,LATIN SMALL LETTER N WITH TILDE
ò,U+00F2,LATIN SMALL LETTER O WITH GRAVE
ù,U+00F9,LATIN SMALL LETTER U WITH GRAVE
û,U+00FB,LATIN SMALL LETTER U WITH CIRCUMFLEX
ÿ,U+00FF,LATIN SMALL LETTER Y WITH DIAERESIS
ð,U+00F0,LATIN SMALL LETTER ETH
þ,U+00FE,LATIN SMALL LETTER THORN
Ð,U+00D0,LATIN CAPITAL LETTER ETH
Þ,U+00DE,LATIN CAPITAL LETTER THORN
ˍ,U+02CD,MODIFIER LETTER LOW MACRON
ˀ,U+02C0,MODIFIER LETTER GLOTTAL STOP
ʼ,U+02BC,MODIFIER LETTER APOSTROPHE
̄,U+0304,COMBINING MACRON
 ̑,,
 ̰,,
̱,U+0331,COMBINING MACRON BELOW
‸,U+2038,CARET
̉,U+0309,COMBINING HOOK ABOVE
̣,U+0323,COMBINING DOT BELOW
̧,U+0327,COMBINING CEDILLA
̌,U+030C,COMBINING CARON
̆,U+0306,COMBINING BREVE
̇,U+0307,COMBINING DOT ABOVE
́,U+0301,COMBINING ACUTE ACCENT
 ̏,,
̂,U+0302,COMBINING CIRCUMFLEX ACCENT
̈,U+0308,COMBINING DIAERESIS
̛,U+031B,COMBINING HORN
̦,U+0326,COMBINING COMMA BELOW
̵,U+0335,COMBINING SHORT STROKE OVERLAY
̋,U+030B,COMBINING DOUBLE ACUTE ACCENT
̊,U+030A,COMBINING RING ABOVE
№,U+2116,NUMERO SIGN
̃,U+0303,COMBINING TILDE
̨,U+0328,COMBINING OGONEK
ʔ,U+0294,LATIN LETTER GLOTTAL STOP
̀,U+0300,COMBINING GRAVE ACCENT
ᒡ,U+14A1,CANADIAN SYLLABICS C
ᕻ,U+157B,CANADIAN SYLLABICS NUNAVIK H
ᒃ,U+1483,CANADIAN SYLLABICS K
ᓪ,U+14EA,CANADIAN SYLLABICS L
ᖦ,U+15A6,CANADIAN SYLLABICS LH
ᒻ,U+14BB,CANADIAN SYLLABICS M
ᓐ,U+14D0,CANADIAN SYLLABICS N
ᖕ,U+1595,CANADIAN SYLLABICS NG
ᖖ,U+1596,CANADIAN SYLLABICS NNG
ᑉ,U+1449,CANADIAN SYLLABICS P
ᖅ,U+1585,CANADIAN SYLLABICS Q
ᕐ,U+1550,CANADIAN SYLLABICS R
ᔅ,U+1505,CANADIAN SYLLABICS S
ᑦ,U+1466,CANADIAN SYLLABICS T
ᕝ,U+155D,CANADIAN SYLLABICS F
ᔾ,U+153E,CANADIAN SYLLABICS Y
ʺ,U+02BA,MODIFIER LETTER DOUBLE PRIME
Ɛ,U+0190,LATIN CAPITAL LETTER OPEN E
Ƽ,U+01BC,LATIN CAPITAL LETTER TONE FIVE
ʹ,U+02B9,MODIFIER LETTER PRIME
Ȣ,U+0222,LATIN CAPITAL LETTER OU
ƨ,U+01A8,LATIN SMALL LETTER TONE TWO
ɛ,U+025B,LATIN SMALL LETTER OPEN E
ƽ,U+01BD,LATIN SMALL LETTER TONE FIVE
ƅ,U+0185,LATIN SMALL LETTER TONE SIX
⁊,U+204A,TIRONIAN SIGN ET
ȣ,U+0223,LATIN SMALL LETTER OU
Ƨ,U+01A7,LATIN CAPITAL LETTER TONE TWO
Ă,U+0102,LATIN CAPITAL LETTER A WITH BREVE
Ǎ,U+01CD,LATIN CAPITAL LETTER A WITH CARON
Ȧ,U+0226,LATIN CAPITAL LETTER A WITH DOT ABOVE
Ạ,U+1EA0,LATIN CAPITAL LETTER A WITH DOT BELOW
Ȁ,U+0200,LATIN CAPITAL LETTER A WITH DOUBLE GRAVE
Ả,U+1EA2,LATIN CAPITAL LETTER A WITH HOOK ABOVE
Ȃ,U+0202,LATIN CAPITAL LETTER A WITH INVERTED BREVE
Ā,U+0100,LATIN CAPITAL LETTER A WITH MACRON
Ə,U+018F,LATIN CAPITAL LETTER SCHWA
Ḃ,U+1E02,LATIN CAPITAL LETTER B WITH DOT ABOVE
Ḅ,U+1E04,LATIN CAPITAL LETTER B WITH DOT BELOW
Ɓ,U+0181,LATIN CAPITAL LETTER B WITH HOOK
Ḇ,U+1E06,LATIN CAPITAL LETTER B WITH LINE BELOW
Ć,U+0106,LATIN CAPITAL LETTER C WITH ACUTE
Ĉ,U+0108,LATIN CAPITAL LETTER C WITH CIRCUMFLEX
Ċ,U+010A,LATIN CAPITAL LETTER C WITH DOT ABOVE
Ƈ,U+0187,LATIN CAPITAL LETTER C WITH HOOK
Ɔ,U+0186,LATIN CAPITAL LETTER OPEN O
Ď,U+010E,LATIN CAPITAL LETTER D WITH CARON
Ḑ,U+1E10,LATIN CAPITAL LETTER D WITH CEDILLA
Ḓ,U+1E12,LATIN CAPITAL LETTER D WITH CIRCUMFLEX BELOW
Ḋ,U+1E0A,LATIN CAPITAL LETTER D WITH DOT ABOVE
Ḍ,U+1E0C,LATIN CAPITAL LETTER D WITH DOT BELOW
Ɗ,U+018A,LATIN CAPITAL LETTER D WITH HOOK
Ḏ,U+1E0E,LATIN CAPITAL LETTER D WITH LINE BELOW
Đ,U+0110,LATIN CAPITAL LETTER D WITH STROKE
Ĕ,U+0114,LATIN CAPITAL LETTER E WITH BREVE
Ȩ,U+0228,LATIN CAPITAL LETTER E WITH CEDILLA
Ḙ,U+1E18,LATIN CAPITAL LETTER E WITH CIRCUMFLEX BELOW
Ė,U+0116,LATIN CAPITAL LETTER E WITH DOT ABOVE
Ẹ,U+1EB8,LATIN CAPITAL LETTER E WITH DOT BELOW
Ȅ,U+0204,LATIN CAPITAL LETTER E WITH DOUBLE GRAVE
Ẻ,U+1EBA,LATIN CAPITAL LETTER E WITH HOOK ABOVE
Ȇ,U+0206,LATIN CAPITAL LETTER E WITH INVERTED BREVE
Ē,U+0112,LATIN CAPITAL LETTER E WITH MACRON
Ę,U+0118,LATIN CAPITAL LETTER E WITH OGONEK
E̊,,
Ǝ,U+018E,LATIN CAPITAL LETTER REVERSED E
Ẽ,U+1EBC,LATIN CAPITAL LETTER E WITH TILDE
Ḛ,U+1E1A,LATIN CAPITAL LETTER E WITH TILDE BELOW
Ḟ,U+1E1E,LATIN CAPITAL LETTER F WITH DOT ABOVE
Ƒ,U+0191,LATIN CAPITAL LETTER F WITH HOOK
Ǵ,U+01F4,LATIN CAPITAL LETTER G WITH ACUTE
Ğ,U+011E,LATIN CAPITAL LETTER G WITH BREVE
Ǧ,U+01E6,LATIN CAPITAL LETTER G WITH CARON
Ĝ,U+011C,LATIN CAPITAL LETTER G WITH CIRCUMFLEX
Ġ,U+0120,LATIN CAPITAL LETTER G WITH DOT ABOVE
Ɠ,U+0193,LATIN CAPITAL LETTER G WITH HOOK
Ḡ,U+1E20,LATIN CAPITAL LETTER G WITH MACRON
Ɣ,U+0194,LATIN CAPITAL LETTER GAMMA
Ǥ,U+01E4,LATIN CAPITAL LETTER G WITH STROKE
Ḫ,U+1E2A,LATIN CAPITAL LETTER H WITH BREVE BELOW
Ȟ,U+021E,LATIN CAPITAL LETTER H WITH CARON
Ḩ,U+1E28,LATIN CAPITAL LETTER H WITH CEDILLA
Ĥ,U+0124,LATIN CAPITAL LETTER H WITH CIRCUMFLEX
Ḧ,U+1E26,LATIN CAPITAL LETTER H WITH DIAERESIS
Ḣ,U+1E22,LATIN CAPITAL LETTER H WITH DOT ABOVE
Ḥ,U+1E24,LATIN CAPITAL LETTER H WITH DOT BELOW
H̱,,
Ƕ,U+01F6,LATIN CAPITAL LETTER HWAIR
Ħ,U+0126,LATIN CAPITAL LETTER H WITH STROKE
Ĭ,U+012C,LATIN CAPITAL LETTER I WITH BREVE
Ǐ,U+01CF,LATIN CAPITAL LETTER I WITH CARON
İ,U+0130,LATIN CAPITAL LETTER I WITH DOT ABOVE
Ị,U+1ECA,LATIN CAPITAL LETTER I WITH DOT BELOW
Ȉ,U+0208,LATIN CAPITAL LETTER I WITH DOUBLE GRAVE
Ỉ,U+1EC8,LATIN CAPITAL LETTER I WITH HOOK ABOVE
Ɩ,U+0196,LATIN CAPITAL LETTER IOTA
Ȋ,U+020A,LATIN CAPITAL LETTER I WITH INVERTED BREVE
Ɨ,U+0197,LATIN CAPITAL LETTER I WITH STROKE
Ĩ,U+0128,LATIN CAPITAL LETTER I WITH TILDE
Ḭ,U+1E2C,LATIN CAPITAL LETTER I WITH TILDE BELOW
J̌,,
Ĵ,U+0134,LATIN CAPITAL LETTER J WITH CIRCUMFLEX
Ƞ,U+0220,LATIN CAPITAL LETTER N WITH LONG RIGHT LEG
Ḱ,U+1E30,LATIN CAPITAL LETTER K WITH ACUTE
Ǩ,U+01E8,LATIN CAPITAL LETTER K WITH CARON
Ḳ,U+1E32,LATIN CAPITAL LETTER K WITH DOT BELOW
Ƙ,U+0198,LATIN CAPITAL LETTER K WITH HOOK
Ḵ,U+1E34,LATIN CAPITAL LETTER K WITH LINE BELOW
K’,,
Ĺ,U+0139,LATIN CAPITAL LETTER L WITH ACUTE
Ľ,U+013D,LATIN CAPITAL LETTER L WITH CARON
Ḽ,U+1E3C,LATIN CAPITAL LETTER L WITH CIRCUMFLEX BELOW
Ḷ,U+1E36,LATIN CAPITAL LETTER L WITH DOT BELOW
Ḹ,,
Ḻ,U+1E3A,LATIN CAPITAL LETTER L WITH LINE BELOW
Ḿ,U+1E3E,LATIN CAPITAL LETTER M WITH ACUTE
M̂,,
Ṁ,U+1E40,LATIN CAPITAL LETTER M WITH DOT ABOVE
Ṃ,U+1E42,LATIN CAPITAL LETTER M WITH DOT BELOW
Ɯ,U+019C,LATIN CAPITAL LETTER TURNED M
Ń,U+0143,LATIN CAPITAL LETTER N WITH ACUTE
N̂,,
Ṋ,U+1E4A,LATIN CAPITAL LETTER N WITH CIRCUMFLEX BELOW
Ṅ,U+1E44,LATIN CAPITAL LETTER N WITH DOT ABOVE
Ṇ,U+1E46,LATIN CAPITAL LETTER N WITH DOT BELOW
Ǹ,U+01F8,LATIN CAPITAL LETTER N WITH GRAVE
Ɲ,U+019D,LATIN CAPITAL LETTER N WITH LEFT HOOK
Ṉ,U+1E48,LATIN CAPITAL LETTER N WITH LINE BELOW
Ŋ,U+014A,LATIN CAPITAL LETTER ENG
Ŏ,U+014E,LATIN CAPITAL LETTER O WITH BREVE
Ǒ,U+01D1,LATIN CAPITAL LETTER O WITH CARON
Ȯ,U+022E,LATIN CAPITAL LETTER O WITH DOT ABOVE
Ọ,U+1ECC,LATIN CAPITAL LETTER O WITH DOT BELOW
Ȍ,U+020C,LATIN CAPITAL LETTER O WITH DOUBLE GRAVE
Ỏ,U+1ECE,LATIN CAPITAL LETTER O WITH HOOK ABOVE
Ơ,U+01A0,LATIN CAPITAL LETTER O WITH HORN
Ȏ,U+020E,LATIN CAPITAL LETTER O WITH INVERTED BREVE
Ō,U+014C,LATIN CAPITAL LETTER O WITH MACRON
Ǫ,U+01EA,LATIN CAPITAL LETTER O WITH OGONEK
O̊,,
Ɵ,U+019F,LATIN CAPITAL LETTER O WITH MIDDLE TILDE
Ṕ,U+1E54,LATIN CAPITAL LETTER P WITH ACUTE
Ṗ,U+1E56,LATIN CAPITAL LETTER P WITH DOT ABOVE
Ƥ,U+01A4,LATIN CAPITAL LETTER P WITH HOOK
Ƣ,U+01A2,LATIN CAPITAL LETTER OI
Ṙ,U+1E58,LATIN CAPITAL LETTER R WITH DOT ABOVE
Ṛ,U+1E5A,LATIN CAPITAL LETTER R WITH DOT BELOW
Ȑ,U+0210,LATIN CAPITAL LETTER R WITH DOUBLE GRAVE
Ʈ,U+01AE,LATIN CAPITAL LETTER T WITH RETROFLEX HOOK
Ȓ,U+0212,LATIN CAPITAL LETTER R WITH INVERTED BREVE
Ṝ,,
Ṟ,U+1E5E,LATIN CAPITAL LETTER R WITH LINE BELOW
Ʀ,U+01A6,LATIN LETTER YR
Ś,U+015A,LATIN CAPITAL LETTER S WITH ACUTE
Ş,U+015E,LATIN CAPITAL LETTER S WITH CEDILLA
Ŝ,U+015C,LATIN CAPITAL LETTER S WITH CIRCUMFLEX
Ș,U+0218,LATIN CAPITAL LETTER S WITH COMMA BELOW
Ṡ,U+1E60,LATIN CAPITAL LETTER S WITH DOT ABOVE
Ṣ,U+1E62,LATIN CAPITAL LETTER S WITH DOT BELOW
Ʃ,U+01A9,LATIN CAPITAL LETTER ESH
S̄,,
Ţ,U+0162,LATIN CAPITAL LETTER T WITH CEDILLA
Ṱ,U+1E70,LATIN CAPITAL LETTER T WITH CIRCUMFLEX BELOW
Ț,U+021A,LATIN CAPITAL LETTER T WITH COMMA BELOW
T̈,,
Ṫ,U+1E6A,LATIN CAPITAL LETTER T WITH DOT ABOVE
Ṭ,U+1E6C,LATIN CAPITAL LETTER T WITH DOT BELOW
Ƭ,U+01AC,LATIN CAPITAL LETTER T WITH HOOK
Ṯ,U+1E6E,LATIN CAPITAL LETTER T WITH LINE BELOW
Ŧ,U+0166,LATIN CAPITAL LETTER T WITH STROKE
Ŭ,U+016C,LATIN CAPITAL LETTER U WITH BREVE
Ǔ,U+01D3,LATIN CAPITAL LETTER U WITH CARON
Ṷ,U+1E76,LATIN CAPITAL LETTER U WITH CIRCUMFLEX BELOW
Ụ,U+1EE4,LATIN CAPITAL LETTER U WITH DOT BELOW
Ȕ,U+0214,LATIN CAPITAL LETTER U WITH DOUBLE GRAVE
Ủ,U+1EE6,LATIN CAPITAL LETTER U WITH HOOK ABOVE
Ʋ,U+01B2,LATIN CAPITAL LETTER V WITH HOOK
Ư,U+01AF,LATIN CAPITAL LETTER U WITH HORN
Ȗ,U+0216,LATIN CAPITAL LETTER U WITH INVERTED BREVE
Ʊ,U+01B1,LATIN CAPITAL LETTER UPSILON
Ũ,U+0168,LATIN CAPITAL LETTER U WITH TILDE
Ṵ,U+1E74,LATIN CAPITAL LETTER U WITH TILDE BELOW
Ǘ,U+01D7,LATIN CAPITAL LETTER U WITH DIAERESIS AND ACUTE
Ǚ,U+01D9,LATIN CAPITAL LETTER U WITH DIAERESIS AND CARON
Ṿ,U+1E7E,LATIN CAPITAL LETTER V WITH DOT BELOW
Ǜ,U+01DB,LATIN CAPITAL LETTER U WITH DIAERESIS AND GRAVE
Ǖ,U+01D5,LATIN CAPITAL LETTER U WITH DIAERESIS AND MACRON
Ṽ,U+1E7C,LATIN CAPITAL LETTER V WITH TILDE
Ẃ,U+1E82,LATIN CAPITAL LETTER W WITH ACUTE
Ŵ,U+0174,LATIN CAPITAL LETTER W WITH CIRCUMFLEX
Ẅ,U+1E84,LATIN CAPITAL LETTER W WITH DIAERESIS
Ẇ,U+1E86,LATIN CAPITAL LETTER W WITH DOT ABOVE
Ẉ,U+1E88,LATIN CAPITAL LETTER W WITH DOT BELOW
Ẁ,U+1E80,LATIN CAPITAL LETTER W WITH GRAVE
W̊,,
Ƿ,U+01F7,LATIN CAPITAL LETTER WYNN
Ẍ,U+1E8C,LATIN CAPITAL LETTER X WITH DIAERESIS
Ẋ,U+1E8A,LATIN CAPITAL LETTER X WITH DOT ABOVE
Ɖ,U+0189,LATIN CAPITAL LETTER AFRICAN D
Ŷ,U+0176,LATIN CAPITAL LETTER Y WITH CIRCUMFLEX
Ẏ,U+1E8E,LATIN CAPITAL LETTER Y WITH DOT ABOVE
Ỵ,U+1EF4,LATIN CAPITAL LETTER Y WITH DOT BELOW
Ỳ,U+1EF2,LATIN CAPITAL LETTER Y WITH GRAVE
Ỷ,U+1EF6,LATIN CAPITAL LETTER Y WITH HOOK ABOVE
Ƴ,U+01B3,LATIN CAPITAL LETTER Y WITH HOOK
Ȳ,U+0232,LATIN CAPITAL LETTER Y WITH MACRON
Y̊,,
Ȝ,U+021C,LATIN CAPITAL LETTER YOGH
Ỹ,U+1EF8,LATIN CAPITAL LETTER Y WITH TILDE
Z̧,,
Ẑ,U+1E90,LATIN CAPITAL LETTER Z WITH CIRCUMFLEX
Ẓ,U+1E92,LATIN CAPITAL LETTER Z WITH DOT BELOW
Ȥ,U+0224,LATIN CAPITAL LETTER Z WITH HOOK
Z̄,,
Ẕ,U+1E94,LATIN CAPITAL LETTER Z WITH LINE BELOW
Ʒ,U+01B7,LATIN CAPITAL LETTER EZH
Ƶ,U+01B5,LATIN CAPITAL LETTER Z WITH STROKE
Ƅ,U+0184,LATIN CAPITAL LETTER TONE SIX
ă,U+0103,LATIN SMALL LETTER A WITH BREVE
ǎ,U+01CE,LATIN SMALL LETTER A WITH CARON
ȧ,U+0227,LATIN SMALL LETTER A WITH DOT ABOVE
ạ,U+1EA1,LATIN SMALL LETTER A WITH DOT BELOW
ȁ,U+0201,LATIN SMALL LETTER A WITH DOUBLE GRAVE
ả,U+1EA3,LATIN SMALL LETTER A WITH HOOK ABOVE
ȃ,U+0203,LATIN SMALL LETTER A WITH INVERTED BREVE
ā,U+0101,LATIN SMALL LETTER A WITH MACRON
ə,U+0259,LATIN SMALL LETTER SCHWA
ḃ,U+1E03,LATIN SMALL LETTER B WITH DOT ABOVE
ḅ,U+1E05,LATIN SMALL LETTER B WITH DOT BELOW
ɓ,U+0253,LATIN SMALL LETTER B WITH HOOK
ḇ,U+1E07,LATIN SMALL LETTER B WITH LINE BELOW
ƀ,U+0180,LATIN SMALL LETTER B WITH STROKE
ĉ,U+0109,LATIN SMALL LETTER C WITH CIRCUMFLEX
ċ,U+010B,LATIN SMALL LETTER C WITH DOT ABOVE
ƈ,U+0188,LATIN SMALL LETTER C WITH HOOK
ɔ,U+0254,LATIN SMALL LETTER OPEN O
ď,U+010F,LATIN SMALL LETTER D WITH CARON
ḑ,U+1E11,LATIN SMALL LETTER D WITH CEDILLA
ḓ,U+1E13,LATIN SMALL LETTER D WITH CIRCUMFLEX BELOW
ḋ,U+1E0B,LATIN SMALL LETTER D WITH DOT ABOVE
ḍ,U+1E0D,LATIN SMALL LETTER D WITH DOT BELOW
ɗ,U+0257,LATIN SMALL LETTER D WITH HOOK
ḏ,U+1E0F,LATIN SMALL LETTER D WITH LINE BELOW
đ,U+0111,LATIN SMALL LETTER D WITH STROKE
ĕ,U+0115,LATIN SMALL LETTER E WITH BREVE
ȩ,U+0229,LATIN SMALL LETTER E WITH CEDILLA
ḙ,U+1E19,LATIN SMALL LETTER E WITH CIRCUMFLEX BELOW
ė,U+0117,LATIN SMALL LETTER E WITH DOT ABOVE
ẹ,U+1EB9,LATIN SMALL LETTER E WITH DOT BELOW
ȅ,U+0205,LATIN SMALL LETTER E WITH DOUBLE GRAVE
ẻ,U+1EBB,LATIN SMALL LETTER E WITH HOOK ABOVE
ȇ,U+0207,LATIN SMALL LETTER E WITH INVERTED BREVE
ē,U+0113,LATIN SMALL LETTER E WITH MACRON
e̊,,
ǝ,U+01DD,LATIN SMALL LETTER TURNED E
ẽ,U+1EBD,LATIN SMALL LETTER E WITH TILDE
ḛ,U+1E1B,LATIN SMALL LETTER E WITH TILDE BELOW
ḟ,U+1E1F,LATIN SMALL LETTER F WITH DOT ABOVE
ǵ,U+01F5,LATIN SMALL LETTER G WITH ACUTE
ğ,U+011F,LATIN SMALL LETTER G WITH BREVE
ǧ,U+01E7,LATIN SMALL LETTER G WITH CARON
ģ,U+0123,LATIN SMALL LETTER G WITH CEDILLA
ĝ,U+011D,LATIN SMALL LETTER G WITH CIRCUMFLEX
ġ,U+0121,LATIN SMALL LETTER G WITH DOT ABOVE
ɠ,U+0260,LATIN SMALL LETTER G WITH HOOK
ḡ,U+1E21,LATIN SMALL LETTER G WITH MACRON
ɣ,U+0263,LATIN SMALL LETTER GAMMA
ǥ,U+01E5,LATIN SMALL LETTER G WITH STROKE
ḫ,U+1E2B,LATIN SMALL LETTER H WITH BREVE BELOW
ȟ,U+021F,LATIN SMALL LETTER H WITH CARON
ḩ,U+1E29,LATIN SMALL LETTER H WITH CEDILLA
ĥ,U+0125,LATIN SMALL LETTER H WITH CIRCUMFLEX
ḧ,U+1E27,LATIN SMALL LETTER H WITH DIAERESIS
ḣ,U+1E23,LATIN SMALL LETTER H WITH DOT ABOVE
ḥ,U+1E25,LATIN SMALL LETTER H WITH DOT BELOW
ɦ,U+0266,LATIN SMALL LETTER H WITH HOOK
ẖ,U+1E96,LATIN SMALL LETTER H WITH LINE BELOW
ƕ,U+0195,LATIN SMALL LETTER HV
ħ,U+0127,LATIN SMALL LETTER H WITH STROKE
ĭ,U+012D,LATIN SMALL LETTER I WITH BREVE
ǐ,U+01D0,LATIN SMALL LETTER I WITH CARON
ị,U+1ECB,LATIN SMALL LETTER I WITH DOT BELOW
ȉ,U+0209,LATIN SMALL LETTER I WITH DOUBLE GRAVE
ỉ,U+1EC9,LATIN SMALL LETTER I WITH HOOK ABOVE
ɩ,U+0269,LATIN SMALL LETTER IOTA
ȋ,U+020B,LATIN SMALL LETTER I WITH INVERTED BREVE
į,U+012F,LATIN SMALL LETTER I WITH OGONEK
ɨ,U+0268,LATIN SMALL LETTER I WITH STROKE
ĩ,U+0129,LATIN SMALL LETTER I WITH TILDE
ḭ,U+1E2D,LATIN SMALL LETTER I WITH TILDE BELOW
ǰ,U+01F0,LATIN SMALL LETTER J WITH CARON
ĵ,U+0135,LATIN SMALL LETTER J WITH CIRCUMFLEX
ƞ,U+019E,LATIN SMALL LETTER N WITH LONG RIGHT LEG
ḱ,U+1E31,LATIN SMALL LETTER K WITH ACUTE
ǩ,U+01E9,LATIN SMALL LETTER K WITH CARON
ḳ,U+1E33,LATIN SMALL LETTER K WITH DOT BELOW
ƙ,U+0199,LATIN SMALL LETTER K WITH HOOK
ḵ,U+1E35,LATIN SMALL LETTER K WITH LINE BELOW
ĸ,U+0138,LATIN SMALL LETTER KRA
ĺ,U+013A,LATIN SMALL LETTER L WITH ACUTE
ľ,U+013E,LATIN SMALL LETTER L WITH CARON
ḽ,U+1E3D,LATIN SMALL LETTER L WITH CIRCUMFLEX BELOW
ḷ,U+1E37,LATIN SMALL LETTER L WITH DOT BELOW
ḹ,,
ḻ,U+1E3B,LATIN SMALL LETTER L WITH LINE BELOW
ḿ,U+1E3F,LATIN SMALL LETTER M WITH ACUTE
m̂,,
ṁ,U+1E41,LATIN SMALL LETTER M WITH DOT ABOVE
ṃ,U+1E43,LATIN SMALL LETTER M WITH DOT BELOW
ɯ,U+026F,LATIN SMALL LETTER TURNED M
ņ,U+0146,LATIN SMALL LETTER N WITH CEDILLA
n̂,,
ṋ,U+1E4B,LATIN SMALL LETTER N WITH CIRCUMFLEX BELOW
ṅ,U+1E45,LATIN SMALL LETTER N WITH DOT ABOVE
ṇ,U+1E47,LATIN SMALL LETTER N WITH DOT BELOW
ǹ,U+01F9,LATIN SMALL LETTER N WITH GRAVE
ɲ,U+0272,LATIN SMALL LETTER N WITH LEFT HOOK
ṉ,U+1E49,LATIN SMALL LETTER N WITH LINE BELOW
ŋ,U+014B,LATIN SMALL LETTER ENG
ŏ,U+014F,LATIN SMALL LETTER O WITH BREVE
ǒ,U+01D2,LATIN SMALL LETTER O WITH CARON
ȯ,U+022F,LATIN SMALL LETTER O WITH DOT ABOVE
ọ,U+1ECD,LATIN SMALL LETTER O WITH DOT BELOW
ȍ,U+020D,LATIN SMALL LETTER O WITH DOUBLE GRAVE
ỏ,U+1ECF,LATIN SMALL LETTER O WITH HOOK ABOVE
ơ,U+01A1,LATIN SMALL LETTER O WITH HORN
ȏ,U+020F,LATIN SMALL LETTER O WITH INVERTED BREVE
ǫ,U+01EB,LATIN SMALL LETTER O WITH OGONEK
o̊,,
ɵ,U+0275,LATIN SMALL LETTER BARRED O
ṕ,U+1E55,LATIN SMALL LETTER P WITH ACUTE
ṗ,U+1E57,LATIN SMALL LETTER P WITH DOT ABOVE
ƥ,U+01A5,LATIN SMALL LETTER P WITH HOOK
ʠ,U+02A0,LATIN SMALL LETTER Q WITH HOOK
ƣ,U+01A3,LATIN SMALL LETTER OI
ṙ,U+1E59,LATIN SMALL LETTER R WITH DOT ABOVE
ṛ,U+1E5B,LATIN SMALL LETTER R WITH DOT BELOW
ȑ,U+0211,LATIN SMALL LETTER R WITH DOUBLE GRAVE
ʈ,U+0288,LATIN SMALL LETTER T WITH RETROFLEX HOOK
ȓ,U+0213,LATIN SMALL LETTER R WITH INVERTED BREVE
ṝ,,
ṟ,U+1E5F,LATIN SMALL LETTER R WITH LINE BELOW
ʀ,U+0280,LATIN LETTER SMALL CAPITAL R
ş,U+015F,LATIN SMALL LETTER S WITH CEDILLA
ŝ,U+015D,LATIN SMALL LETTER S WITH CIRCUMFLEX
ș,U+0219,LATIN SMALL LETTER S WITH COMMA BELOW
ṡ,U+1E61,LATIN SMALL LETTER S WITH DOT ABOVE
ṣ,U+1E63,LATIN SMALL LETTER S WITH DOT BELOW
ʃ,U+0283,LATIN SMALL LETTER ESH
s̄,,
ſ,U+017F,LATIN SMALL LETTER LONG S
ţ,U+0163,LATIN SMALL LETTER T WITH CEDILLA
ṱ,U+1E71,LATIN SMALL LETTER T WITH CIRCUMFLEX BELOW
ț,U+021B,LATIN SMALL LETTER T WITH COMMA BELOW
ẗ,U+1E97,LATIN SMALL LETTER T WITH DIAERESIS
ṫ,U+1E6B,LATIN SMALL LETTER T WITH DOT ABOVE
ṭ,U+1E6D,LATIN SMALL LETTER T WITH DOT BELOW
ƭ,U+01AD,LATIN SMALL LETTER T WITH HOOK
ṯ,U+1E6F,LATIN SMALL LETTER T WITH LINE BELOW
ŧ,U+0167,LATIN SMALL LETTER T WITH STROKE
ŭ,U+016D,LATIN SMALL LETTER U WITH BREVE
ǔ,U+01D4,LATIN SMALL LETTER U WITH CARON
ṷ,U+1E77,LATIN SMALL LETTER U WITH CIRCUMFLEX BELOW
ụ,U+1EE5,LATIN SMALL LETTER U WITH DOT BELOW
ȕ,U+0215,LATIN SMALL LETTER U WITH DOUBLE GRAVE
ủ,U+1EE7,LATIN SMALL LETTER U WITH HOOK ABOVE
ʋ,U+028B,LATIN SMALL LETTER V WITH HOOK
ư,U+01B0,LATIN SMALL LETTER U WITH HORN
ȗ,U+0217,LATIN SMALL LETTER U WITH INVERTED BREVE
ū,U+016B,LATIN SMALL LETTER U WITH MACRON
ů,U+016F,LATIN SMALL LETTER U WITH RING ABOVE
ʊ,U+028A,LATIN SMALL LETTER UPSILON
ʉ,U+0289,LATIN SMALL LETTER U BAR
ũ,U+0169,LATIN SMALL LETTER U WITH TILDE
ṵ,U+1E75,LATIN SMALL LETTER U WITH TILDE BELOW
ǘ,U+01D8,LATIN SMALL LETTER U WITH DIAERESIS AND ACUTE
ǚ,U+01DA,LATIN SMALL LETTER U WITH DIAERESIS AND CARON
ṿ,U+1E7F,LATIN SMALL LETTER V WITH DOT BELOW
ǜ,U+01DC,LATIN SMALL LETTER U WITH DIAERESIS AND GRAVE
ǖ,U+01D6,LATIN SMALL LETTER U WITH DIAERESIS AND MACRON
ʌ,U+028C,LATIN SMALL LETTER TURNED V
ṽ,U+1E7D,LATIN SMALL LETTER V WITH TILDE
ẃ,U+1E83,LATIN SMALL LETTER W WITH ACUTE
ŵ,U+0175,LATIN SMALL LETTER W WITH CIRCUMFLEX
ẅ,U+1E85,LATIN SMALL LETTER W WITH DIAERESIS
ẇ,U+1E87,LATIN SMALL LETTER W WITH DOT ABOVE
ẉ,U+1E89,LATIN SMALL LETTER W WITH DOT BELOW
ẁ,U+1E81,LATIN SMALL LETTER W WITH GRAVE
ẘ,U+1E98,LATIN SMALL LETTER W WITH RING ABOVE
ƿ,U+01BF,LATIN LETTER WYNN
ẍ,U+1E8D,LATIN SMALL LETTER X WITH DIAERESIS
ẋ,U+1E8B,LATIN SMALL LETTER X WITH DOT ABOVE
ɖ,U+0256,LATIN SMALL LETTER D WITH TAIL
ŷ,U+0177,LATIN SMALL LETTER Y WITH CIRCUMFLEX
ẏ,U+1E8F,LATIN SMALL LETTER Y WITH DOT ABOVE
ỵ,U+1EF5,LATIN SMALL LETTER Y WITH DOT BELOW
ỳ,U+1EF3,LATIN SMALL LETTER Y WITH GRAVE
ỷ,U+1EF7,LATIN SMALL LETTER Y WITH HOOK ABOVE
ƴ,U+01B4,LATIN SMALL LETTER Y WITH HOOK
ȳ,U+0233,LATIN SMALL LETTER Y WITH MACRON
ẙ,U+1E99,LATIN SMALL LETTER Y WITH RING ABOVE
ȝ,U+021D,LATIN SMALL LETTER YOGH
ỹ,U+1EF9,LATIN SMALL LETTER Y WITH TILDE
z̧,,
ẑ,U+1E91,LATIN SMALL LETTER Z WITH CIRCUMFLEX
ẓ,U+1E93,LATIN SMALL LETTER Z WITH DOT BELOW
ȥ,U+0225,LATIN SMALL LETTER Z WITH HOOK
z̄,,
ẕ,U+1E95,LATIN SMALL LETTER Z WITH LINE BELOW
ʒ,U+0292,LATIN SMALL LETTER EZH
ƶ,U+01B6,LATIN SMALL LETTER Z WITH STROKE
Ǻ,U+01FA,LATIN CAPITAL LETTER A WITH RING ABOVE AND ACUTE
Ǽ,U+01FC,LATIN CAPITAL LETTER AE WITH ACUTE
Ǣ,U+01E2,LATIN CAPITAL LETTER AE WITH MACRON
Ǿ,U+01FE,LATIN CAPITAL LETTER O WITH STROKE AND ACUTE
ǻ,U+01FB,LATIN SMALL LETTER A WITH RING ABOVE AND ACUTE
ǽ,U+01FD,LATIN SMALL LETTER AE WITH ACUTE
ǣ,U+01E3,LATIN SMALL LETTER AE WITH MACRON
ǿ,U+01FF,LATIN SMALL LETTER O WITH STROKE AND ACUTE
ᒉ,U+1489,CANADIAN SYLLABICS CE
ᕴ,U+1574,CANADIAN SYLLABICS NUNAVIK HE
ᑫ,U+146B,CANADIAN SYLLABICS KE
ᓓ,U+14D3,CANADIAN SYLLABICS LE
ᒣ,U+14A3,CANADIAN SYLLABICS ME
ᓀ,U+14C0,CANADIAN SYLLABICS NE
ᙰ,U+1670,CANADIAN SYLLABICS NGAI
ᐯ,U+142F,CANADIAN SYLLABICS PE
ᙯ,U+166F,CANADIAN SYLLABICS QAI
ᕃ,U+1543,CANADIAN SYLLABICS R-CREE RE
ᓭ,U+14ED,CANADIAN SYLLABICS SE
ᑌ,U+144C,CANADIAN SYLLABICS TE
ᕓ,U+1553,CANADIAN SYLLABICS FE
ᔦ,U+1526,CANADIAN SYLLABICS YE
ᒊ,U+148A,CANADIAN SYLLABICS CAAI
ᑬ,U+146C,CANADIAN SYLLABICS KAAI
ᓔ,U+14D4,CANADIAN SYLLABICS LAAI
ᒤ,U+14A4,CANADIAN SYLLABICS MAAI
ᓁ,U+14C1,CANADIAN SYLLABICS NAAI
ᖎ,U+158E,CANADIAN SYLLABICS NGAAI
ᐰ,U+1430,CANADIAN SYLLABICS PAAI
ᕾ,U+157E,CANADIAN SYLLABICS QAAI
ᕅ,U+1545,CANADIAN SYLLABICS RAAI
ᓮ,U+14EE,CANADIAN SYLLABICS SAAI
ᑍ,U+144D,CANADIAN SYLLABICS TAAI
ᕔ,U+1554,CANADIAN SYLLABICS FAAI
ᔧ,U+1527,CANADIAN SYLLABICS YAAI
ᒋ,U+148B,CANADIAN SYLLABICS CI
ᕵ,U+1575,CANADIAN SYLLABICS NUNAVIK HI
ᑭ,U+146D,CANADIAN SYLLABICS KI
ᓕ,U+14D5,CANADIAN SYLLABICS LI
ᖠ,U+15A0,CANADIAN SYLLABICS LHI
ᒥ,U+14A5,CANADIAN SYLLABICS MI
ᓂ,U+14C2,CANADIAN SYLLABICS NI
ᖏ,U+158F,CANADIAN SYLLABICS NGI
ᙱ,U+1671,CANADIAN SYLLABICS NNGI
ᐱ,U+1431,CANADIAN SYLLABICS PI
ᕿ,U+157F,CANADIAN SYLLABICS QI
ᕆ,U+1546,CANADIAN SYLLABICS RI
ᓯ,U+14EF,CANADIAN SYLLABICS SI
ᑎ,U+144E,CANADIAN SYLLABICS TI
ᕕ,U+1555,CANADIAN SYLLABICS FI
ᔨ,U+1528,CANADIAN SYLLABICS YI
ᒌ,U+148C,CANADIAN SYLLABICS CII
ᕶ,U+1576,CANADIAN SYLLABICS NUNAVIK HII
ᑮ,U+146E,CANADIAN SYLLABICS KII
ᓖ,U+14D6,CANADIAN SYLLABICS LII
ᖡ,U+15A1,CANADIAN SYLLABICS LHII
ᒦ,U+14A6,CANADIAN SYLLABICS MII
ᓃ,U+14C3,CANADIAN SYLLABICS NII
ᖐ,U+1590,CANADIAN SYLLABICS NGII
ᙲ,U+1672,CANADIAN SYLLABICS NNGII
ᐲ,U+1432,CANADIAN SYLLABICS PII
ᖀ,U+1580,CANADIAN SYLLABICS QII
ᕇ,U+1547,CANADIAN SYLLABICS RII
ᓰ,U+14F0,CANADIAN SYLLABICS SII
ᑏ,U+144F,CANADIAN SYLLABICS TII
ᕖ,U+1556,CANADIAN SYLLABICS FII
ᔩ,U+1529,CANADIAN SYLLABICS YII
ᒍ,U+148D,CANADIAN SYLLABICS CO
ᕷ,U+1577,CANADIAN SYLLABICS NUNAVIK HO
ᑯ,U+146F,CANADIAN SYLLABICS KO
ᓗ,U+14D7,CANADIAN SYLLABICS LO
ᖢ,U+15A2,CANADIAN SYLLABICS LHO
ᒧ,U+14A7,CANADIAN SYLLABICS MO
ᓄ,U+14C4,CANADIAN SYLLABICS NO
ᖑ,U+1591,CANADIAN SYLLABICS NGO
ᙳ,U+1673,CANADIAN SYLLABICS NNGO
ᐳ,U+1433,CANADIAN SYLLABICS PO
ᖁ,U+1581,CANADIAN SYLLABICS QO
ᕈ,U+1548,CANADIAN SYLLABICS RO
ᓱ,U+14F1,CANADIAN SYLLABICS SO
ᑐ,U+1450,CANADIAN SYLLABICS TO
ᕗ,U+1557,CANADIAN SYLLABICS FO
ᔪ,U+152A,CANADIAN SYLLABICS YO
ᒎ,U+148E,CANADIAN SYLLABICS COO
ᕸ,U+1578,CANADIAN SYLLABICS NUNAVIK HOO
ᑰ,U+1470,CANADIAN SYLLABICS KOO
ᓘ,U+14D8,CANADIAN SYLLABICS LOO
ᖣ,U+15A3,CANADIAN SYLLABICS LHOO
ᒨ,U+14A8,CANADIAN SYLLABICS MOO
ᓅ,U+14C5,CANADIAN SYLLABICS NOO
ᖒ,U+1592,CANADIAN SYLLABICS NGOO
ᙴ,U+1674,CANADIAN SYLLABICS NNGOO
ᐴ,U+1434,CANADIAN SYLLABICS POO
ᖂ,U+1582,CANADIAN SYLLABICS QOO
ᕉ,U+1549,CANADIAN SYLLABICS ROO
ᓲ,U+14F2,CANADIAN SYLLABICS SOO
ᑑ,U+1451,CANADIAN SYLLABICS TOO
ᕘ,U+1558,CANADIAN SYLLABICS FOO
ᔫ,U+152B,CANADIAN SYLLABICS YOO
ᒐ,U+1490,CANADIAN SYLLABICS CA
ᕹ,U+1579,CANADIAN SYLLABICS NUNAVIK HA
ᑲ,U+1472,CANADIAN SYLLABICS KA
ᓚ,U+14DA,CANADIAN SYLLABICS LA
ᖤ,U+15A4,CANADIAN SYLLABICS LHA
ᒪ,U+14AA,CANADIAN SYLLABICS MA
ᓇ,U+14C7,CANADIAN SYLLABICS NA
ᖓ,U+1593,CANADIAN SYLLABICS NGA
ᙵ,U+1675,CANADIAN SYLLABICS NNGA
ᐸ,U+1438,CANADIAN SYLLABICS PA
ᖃ,U+1583,CANADIAN SYLLABICS QA
ᕋ,U+154B,CANADIAN SYLLABICS RA
ᓴ,U+14F4,CANADIAN SYLLABICS SA
ᑕ,U+1455,CANADIAN SYLLABICS TA
ᕙ,U+1559,CANADIAN SYLLABICS FA
ᔭ,U+152D,CANADIAN SYLLABICS YA
ᒑ,U+1491,CANADIAN SYLLABICS CAA
ᕺ,U+157A,CANADIAN SYLLABICS NUNAVIK HAA
ᑳ,U+1473,CANADIAN SYLLABICS KAA
ᓛ,U+14DB,CANADIAN SYLLABICS LAA
ᖥ,U+15A5,CANADIAN SYLLABICS LHAA
ᒫ,U+14AB,CANADIAN SYLLABICS MAA
ᓈ,U+14C8,CANADIAN SYLLABICS NAA
ᖔ,U+1594,CANADIAN SYLLABICS NGAA
ᙶ,U+1676,CANADIAN SYLLABICS NNGAA
ᐹ,U+1439,CANADIAN SYLLABICS PAA
ᖄ,U+1584,CANADIAN SYLLABICS QAA
ᕌ,U+154C,CANADIAN SYLLABICS RAA
ᓵ,U+14F5,CANADIAN SYLLABICS SAA
ᑖ,U+1456,CANADIAN SYLLABICS TAA
ᕚ,U+155A,CANADIAN SYLLABICS FAA
ᔮ,U+152E,CANADIAN SYLLABICS YAA
ʻ,U+02BB,MODIFIER LETTER TURNED COMMA
ʽ,U+02BD,MODIFIER LETTER REVERSED COMMA
ا,U+0627,ARABIC LETTER ALEF
س,U+0633,ARABIC LETTER SEEN
د,U+062F,ARABIC LETTER DAL
ف,U+0641,ARABIC LETTER FEH
ح,U+062D,ARABIC LETTER HAH
غ,U+063A,ARABIC LETTER GHAIN
ز,U+0632,ARABIC LETTER ZAIN
خ,U+062E,ARABIC LETTER KHAH
ص,U+0635,ARABIC LETTER SAD
ذ,U+0630,ARABIC LETTER THAL
ب,U+0628,ARABIC LETTER BEH
ق,U+0642,ARABIC LETTER QAF
ش,U+0634,ARABIC LETTER SHEEN
ع,U+0639,ARABIC LETTER AIN
ر,U+0631,ARABIC LETTER REH
ط,U+0637,ARABIC LETTER TAH
ت,U+062A,ARABIC LETTER TEH
١,U+0661,ARABIC-INDIC DIGIT ONE
٢,U+0662,ARABIC-INDIC DIGIT TWO
٣,U+0663,ARABIC-INDIC DIGIT THREE
٤,U+0664,ARABIC-INDIC DIGIT FOUR
٦,U+0666,ARABIC-INDIC DIGIT SIX
٥,U+0665,ARABIC-INDIC DIGIT FIVE
٩,U+0669,ARABIC-INDIC DIGIT NINE
٧,U+0667,ARABIC-INDIC DIGIT SEVEN
٨,U+0668,ARABIC-INDIC DIGIT EIGHT
٠,U+0660,ARABIC-INDIC DIGIT ZERO
ظ,U+0638,ARABIC LETTER ZAH
ه,U+0647,ARABIC LETTER HEH
و,U+0648,ARABIC LETTER WAW
ث,U+062B,ARABIC LETTER THEH
ي,U+064A,ARABIC LETTER YEH
ة,U+0629,ARABIC LETTER TEH MARBUTA
ل,U+0644,ARABIC LETTER LAM
ج,U+062C,ARABIC LETTER JEEM
ك,U+0643,ARABIC LETTER KAF
؛,U+061B,ARABIC SEMICOLON
ء,U+0621,ARABIC LETTER HAMZA
،,U+060C,ARABIC COMMA
ن,U+0646,ARABIC LETTER NOON
م,U+0645,ARABIC LETTER MEEM
ـ,U+0640,ARABIC TATWEEL
آ,U+0622,ARABIC LETTER ALEF WITH MADDA ABOVE
ژ,U+0698,ARABIC LETTER JEH
ض,U+0636,ARABIC LETTER DAD
پ,U+067E,ARABIC LETTER PEH
ڤ,U+06A4,ARABIC LETTER VEH
ّ,U+0651,ARABIC SHADDA
أ,U+0623,ARABIC LETTER ALEF WITH HAMZA ABOVE
ئ,U+0626,ARABIC LETTER YEH WITH HAMZA ABOVE
إ,U+0625,ARABIC LETTER ALEF WITH HAMZA BELOW
ؤ,U+0624,ARABIC LETTER WAW WITH HAMZA ABOVE
ى,U+0649,ARABIC LETTER ALEF MAKSURA
ے,U+06D2,ARABIC LETTER YEH BARREE
❊,U+274A,EIGHT TEARDROP-SPOKED PROPELLER ASTERISK
چ,U+0686,ARABIC LETTER TCHEH
گ,U+06AF,ARABIC LETTER GAF
؟,U+061F,ARABIC QUESTION MARK
َ,U+064E,ARABIC FATHA
ی,U+06CC,ARABIC LETTER FARSI YEH
٪,U+066A,ARABIC PERCENT SIGN
ْ,U+0652,ARABIC SUKUN
ُ,U+064F,ARABIC DAMMA
ِ,U+0650,ARABIC KASRA
‏,U+200F,RIGHT-TO-LEFT MARK
ً,U+064B,ARABIC FATHATAN
ڈ,U+0688,ARABIC LETTER DDAL
ٹ,U+0679,ARABIC LETTER TTEH
ڑ,U+0691,ARABIC LETTER RREH
ە,U+06D5,ARABIC LETTER AE
ٌ,U+064C,ARABIC DAMMATAN
ٍ,U+064D,ARABIC KASRATAN
ک,U+06A9,ARABIC LETTER KEHEH
ں,U+06BA,ARABIC LETTER NOON GHUNNA
‎,U+200E,LEFT-TO-RIGHT MARK
א,U+05D0,HEBREW LETTER ALEF
ס,U+05E1,HEBREW LETTER SAMEKH
ד,U+05D3,HEBREW LETTER DALET
פ,U+05E4,HEBREW LETTER PE
ה,U+05D4,HEBREW LETTER HE
ג,U+05D2,HEBREW LETTER GIMEL
ז,U+05D6,HEBREW LETTER ZAYIN
כ,U+05DB,HEBREW LETTER KAF
צ,U+05E6,HEBREW LETTER TSADI
ו,U+05D5,HEBREW LETTER VAV
ב,U+05D1,HEBREW LETTER BET
ק,U+05E7,HEBREW LETTER QOF
ש,U+05E9,HEBREW LETTER SHIN
ע,U+05E2,HEBREW LETTER AYIN
ר,U+05E8,HEBREW LETTER RESH
ט,U+05D8,HEBREW LETTER TET
ת,U+05EA,HEBREW LETTER TAV
ײַ,,
י,U+05D9,HEBREW LETTER YOD
ל,U+05DC,HEBREW LETTER LAMED
ח,U+05D7,HEBREW LETTER HET
ֿ,U+05BF,HEBREW POINT RAFE
נ,U+05E0,HEBREW LETTER NUN
מ,U+05DE,HEBREW LETTER MEM
ּ,U+05BC,HEBREW POINT DAGESH OR MAPIQ
ָ,U+05B8,HEBREW POINT QAMATS
ף,U+05E3,HEBREW LETTER FINAL PE
ך,U+05DA,HEBREW LETTER FINAL KAF
ץ,U+05E5,HEBREW LETTER FINAL TSADI
שׁ,,
ֵ,U+05B5,HEBREW POINT TSERE
₪,U+20AA,NEW SHEQEL SIGN
וֹ,,
וּ,,
לֹ,,
ן,U+05DF,HEBREW LETTER FINAL NUN
ם,U+05DD,HEBREW LETTER FINAL MEM
ַ,U+05B7,HEBREW POINT PATAH
שׂ,,
ֶ,U+05B6,HEBREW POINT SEGOL
ֲ,U+05B2,HEBREW POINT HATAF PATAH
ֳ,U+05B3,HEBREW POINT HATAF QAMATS
ֱ,U+05B1,HEBREW POINT HATAF SEGOL
ִ,U+05B4,HEBREW POINT HIRIQ
ֻ,U+05BB,HEBREW POINT QUBUTS
ְ,U+05B0,HEBREW POINT SHEVA
ֹ,U+05B9,HEBREW POINT HOLAM
־,U+05BE,HEBREW PUNCTUATION MAQAF
֞,U+059E,HEBREW ACCENT GERSHAYIM
֜,U+059C,HEBREW ACCENT GERESH
Ǯ,,
ǯ,,
ф,U+0444,CYRILLIC SMALL LETTER EF
ы,U+044B,CYRILLIC SMALL LETTER YERU
в,U+0432,CYRILLIC SMALL LETTER VE
а,U+0430,CYRILLIC SMALL LETTER A
р,U+0440,CYRILLIC SMALL LETTER ER
п,U+043F,CYRILLIC SMALL LETTER PE
я,U+044F,CYRILLIC SMALL LETTER YA
ч,U+0447,CYRILLIC SMALL LETTER CHE
с,U+0441,CYRILLIC SMALL LETTER ES
м,U+043C,CYRILLIC SMALL LETTER EM
и,U+0438,CYRILLIC SMALL LETTER I
й,U+0439,CYRILLIC SMALL LETTER SHORT I
ц,U+0446,CYRILLIC SMALL LETTER TSE
у,U+0443,CYRILLIC SMALL LETTER U
к,U+043A,CYRILLIC SMALL LETTER KA
н,U+043D,CYRILLIC SMALL LETTER EN
е,U+0435,CYRILLIC SMALL LETTER IE
ъ,U+044A,CYRILLIC SMALL LETTER HARD SIGN
щ,U+0449,CYRILLIC SMALL LETTER SHCHA
г,U+0433,CYRILLIC SMALL LETTER GHE
х,U+0445,CYRILLIC SMALL LETTER HA
ш,U+0448,CYRILLIC SMALL LETTER SHA
з,U+0437,CYRILLIC SMALL LETTER ZE
д,U+0434,CYRILLIC SMALL LETTER DE
о,U+043E,CYRILLIC SMALL LETTER O
э,U+044D,CYRILLIC SMALL LETTER E
л,U+043B,CYRILLIC SMALL LETTER EL
ж,U+0436,CYRILLIC SMALL LETTER ZHE
ё,U+0451,CYRILLIC SMALL LETTER IO
б,U+0431,CYRILLIC SMALL LETTER BE
т,U+0442,CYRILLIC SMALL LETTER TE
ь,U+044C,CYRILLIC SMALL LETTER SOFT SIGN
ю,U+044E,CYRILLIC SMALL LETTER YU
Ф,U+0424,CYRILLIC CAPITAL LETTER EF
Ы,U+042B,CYRILLIC CAPITAL LETTER YERU
В,U+0412,CYRILLIC CAPITAL LETTER VE
А,U+0410,CYRILLIC CAPITAL LETTER A
Р,U+0420,CYRILLIC CAPITAL LETTER ER
П,U+041F,CYRILLIC CAPITAL LETTER PE
Я,U+042F,CYRILLIC CAPITAL LETTER YA
Ч,U+0427,CYRILLIC CAPITAL LETTER CHE
С,U+0421,CYRILLIC CAPITAL LETTER ES
М,U+041C,CYRILLIC CAPITAL LETTER EM
И,U+0418,CYRILLIC CAPITAL LETTER I
Й,U+0419,CYRILLIC CAPITAL LETTER SHORT I
Ц,U+0426,CYRILLIC CAPITAL LETTER TSE
У,U+0423,CYRILLIC CAPITAL LETTER U
К,U+041A,CYRILLIC CAPITAL LETTER KA
Н,U+041D,CYRILLIC CAPITAL LETTER EN
Е,U+0415,CYRILLIC CAPITAL LETTER IE
Ъ,U+042A,CYRILLIC CAPITAL LETTER HARD SIGN
Щ,U+0429,CYRILLIC CAPITAL LETTER SHCHA
Г,U+0413,CYRILLIC CAPITAL LETTER GHE
Х,U+0425,CYRILLIC CAPITAL LETTER HA
Ш,U+0428,CYRILLIC CAPITAL LETTER SHA
З,U+0417,CYRILLIC CAPITAL LETTER ZE
Д,U+0414,CYRILLIC CAPITAL LETTER DE
О,U+041E,CYRILLIC CAPITAL LETTER O
Э,U+042D,CYRILLIC CAPITAL LETTER E
Л,U+041B,CYRILLIC CAPITAL LETTER EL
Ж,U+0416,CYRILLIC CAPITAL LETTER ZHE
Ё,U+0401,CYRILLIC CAPITAL LETTER IO
Б,U+0411,CYRILLIC CAPITAL LETTER BE
Т,U+0422,CYRILLIC CAPITAL LETTER TE
Ь,U+042C,CYRILLIC CAPITAL LETTER SOFT SIGN
Ю,U+042E,CYRILLIC CAPITAL LETTER YU
ћ,U+045B,CYRILLIC SMALL LETTER TSHE
ђ,U+0452,CYRILLIC SMALL LETTER DJE
ј,U+0458,CYRILLIC SMALL LETTER JE
џ,U+045F,CYRILLIC SMALL LETTER DZHE
ќ,U+045C,CYRILLIC SMALL LETTER KJE
њ,U+045A,CYRILLIC SMALL LETTER NJE
ў,U+045E,CYRILLIC SMALL LETTER SHORT U
ѓ,U+0453,CYRILLIC SMALL LETTER GJE
ѕ,U+0455,CYRILLIC SMALL LETTER DZE
љ,U+0459,CYRILLIC SMALL LETTER LJE
Ћ,U+040B,CYRILLIC CAPITAL LETTER TSHE
Ђ,U+0402,CYRILLIC CAPITAL LETTER DJE
Ј,U+0408,CYRILLIC CAPITAL LETTER JE
Џ,U+040F,CYRILLIC CAPITAL LETTER DZHE
Ќ,U+040C,CYRILLIC CAPITAL LETTER KJE
Њ,U+040A,CYRILLIC CAPITAL LETTER NJE
Ў,U+040E,CYRILLIC CAPITAL LETTER SHORT U
Ѓ,U+0403,CYRILLIC CAPITAL LETTER GJE
Ѕ,U+0405,CYRILLIC CAPITAL LETTER DZE
Љ,U+0409,CYRILLIC CAPITAL LETTER LJE
̭,U+032D,COMBINING CIRCUMFLEX ACCENT BELOW
̰,U+0330,COMBINING TILDE BELOW
і,U+0456,CYRILLIC SMALL LETTER BYELORUSSIAN-UKRAINIAN I
ї,U+0457,CYRILLIC SMALL LETTER YI
є,U+0454,CYRILLIC SMALL LETTER UKRAINIAN IE
ґ,U+0491,CYRILLIC SMALL LETTER GHE WITH UPTURN
І,U+0406,CYRILLIC CAPITAL LETTER BYELORUSSIAN-UKRAINIAN I
Ї,U+0407,CYRILLIC CAPITAL LETTER YI
Є,U+0404,CYRILLIC CAPITAL LETTER UKRAINIAN IE
Ґ,U+0490,CYRILLIC CAPITAL LETTER GHE WITH UPTURN
‍,U+200D,ZERO WIDTH JOINER
۱,U+06F1,EXTENDED ARABIC-INDIC DIGIT ONE
۲,U+06F2,EXTENDED ARABIC-INDIC DIGIT TWO
۳,U+06F3,EXTENDED ARABIC-INDIC DIGIT THREE
۴,U+06F4,EXTENDED ARABIC-INDIC DIGIT FOUR
۶,U+06F6,EXTENDED ARABIC-INDIC DIGIT SIX
۵,U+06F5,EXTENDED ARABIC-INDIC DIGIT FIVE
۹,U+06F9,EXTENDED ARABIC-INDIC DIGIT NINE
۷,U+06F7,EXTENDED ARABIC-INDIC DIGIT SEVEN
۸,U+06F8,EXTENDED ARABIC-INDIC DIGIT EIGHT
۰,U+06F0,EXTENDED ARABIC-INDIC DIGIT ZERO
ې,U+06D0,ARABIC LETTER E
ۉ,U+06C9,ARABIC LETTER KIRGHIZ YU
ۇ,U+06C7,ARABIC LETTER U
‌,U+200C,ZERO WIDTH NON-JOINER
٬,U+066C,ARABIC THOUSANDS SEPARATOR
٫,U+066B,ARABIC DECIMAL SEPARATOR
؋,U+060B,AFGHANI SIGN
×,U+00D7,MULTIPLICATION SIGN
ٔ,U+0654,ARABIC HAMZA ABOVE
ښ,U+069A,ARABIC LETTER SEEN WITH DOT BELOW AND DOT ABOVE
ۍ,U+06CD,ARABIC LETTER YEH WITH TAIL
ٱ,U+0671,ARABIC LETTER ALEF WASLA
ڷ,U+06B7,ARABIC LETTER LAM WITH THREE DOTS ABOVE
ږ,U+0696,ARABIC LETTER REH WITH DOT BELOW AND DOT ABOVE
ړ,U+0693,ARABIC LETTER REH WITH RING
ٓ,U+0653,ARABIC MADDAH ABOVE
﴿,U+FD3F,ORNATE RIGHT PARENTHESIS
ٖ,U+0656,ARABIC SUBSCRIPT ALEF
﴾,U+FD3E,ORNATE LEFT PARENTHESIS
څ,U+0685,ARABIC LETTER HAH WITH THREE DOTS ABOVE
ٙ,U+0659,ARABIC ZWARAKAY
ځ,U+0681,ARABIC LETTER HAH WITH HAMZA ABOVE
ٰ,U+0670,ARABIC LETTER SUPERSCRIPT ALEF
ټ,U+067C,ARABIC LETTER TEH WITH RING
ګ,U+06AB,ARABIC LETTER KAF WITH RING
ڼ,U+06BC,ARABIC LETTER NOON WITH RING
ٕ,U+0655,ARABIC HAMZA BELOW
ډ,U+0689,ARABIC LETTER DAL WITH RING
ᐂ,U+1402,CANADIAN SYLLABICS AAI
ᐄ,U+1404,CANADIAN SYLLABICS II
ᐆ,U+1406,CANADIAN SYLLABICS OO
ᐋ,U+140B,CANADIAN SYLLABICS AA
ᖧ,U+15A7,CANADIAN SYLLABICS TH-CREE THE
ᖨ,U+15A8,CANADIAN SYLLABICS TH-CREE THI
ᖩ,U+15A9,CANADIAN SYLLABICS TH-CREE THII
ᖪ,U+15AA,CANADIAN SYLLABICS TH-CREE THO
ᖫ,U+15AB,CANADIAN SYLLABICS TH-CREE THOO
ᖬ,U+15AC,CANADIAN SYLLABICS TH-CREE THA
ᖭ,U+15AD,CANADIAN SYLLABICS TH-CREE THAA
ա,U+0561,ARMENIAN SMALL LETTER AYB
ս,U+057D,ARMENIAN SMALL LETTER SEH
դ,U+0564,ARMENIAN SMALL LETTER DA
ֆ,U+0586,ARMENIAN SMALL LETTER FEH
հ,U+0570,ARMENIAN SMALL LETTER HO
գ,U+0563,ARMENIAN SMALL LETTER GIM
զ,U+0566,ARMENIAN SMALL LETTER ZA
խ,U+056D,ARMENIAN SMALL LETTER XEH
ծ,U+056E,ARMENIAN SMALL LETTER CA
վ,U+057E,ARMENIAN SMALL LETTER VEW
բ,U+0562,ARMENIAN SMALL LETTER BEN
ճ,U+0573,ARMENIAN SMALL LETTER CHEH
ւ,U+0582,ARMENIAN SMALL LETTER YIWN
ե,U+0565,ARMENIAN SMALL LETTER ECH
ր,U+0580,ARMENIAN SMALL LETTER REH
յ,U+0575,ARMENIAN SMALL LETTER YI
տ,U+057F,ARMENIAN SMALL LETTER TIWN
ո,U+0578,ARMENIAN SMALL LETTER VO
ի,U+056B,ARMENIAN SMALL LETTER INI
պ,U+057A,ARMENIAN SMALL LETTER PEH
լ,U+056C,ARMENIAN SMALL LETTER LIWN
ձ,U+0571,ARMENIAN SMALL LETTER JA
կ,U+056F,ARMENIAN SMALL LETTER KEN
ն,U+0576,ARMENIAN SMALL LETTER NOW
մ,U+0574,ARMENIAN SMALL LETTER MEN
Ա,U+0531,ARMENIAN CAPITAL LETTER AYB
Ս,U+054D,ARMENIAN CAPITAL LETTER SEH
Դ,U+0534,ARMENIAN CAPITAL LETTER DA
Ֆ,U+0556,ARMENIAN CAPITAL LETTER FEH
Հ,U+0540,ARMENIAN CAPITAL LETTER HO
Գ,U+0533,ARMENIAN CAPITAL LETTER GIM
Զ,U+0536,ARMENIAN CAPITAL LETTER ZA
Խ,U+053D,ARMENIAN CAPITAL LETTER XEH
Ծ,U+053E,ARMENIAN CAPITAL LETTER CA
Վ,U+054E,ARMENIAN CAPITAL LETTER VEW
Բ,U+0532,ARMENIAN CAPITAL LETTER BEN
Ճ,U+0543,ARMENIAN CAPITAL LETTER CHEH
Ւ,U+0552,ARMENIAN CAPITAL LETTER YIWN
Ե,U+0535,ARMENIAN CAPITAL LETTER ECH
Ր,U+0550,ARMENIAN CAPITAL LETTER REH
Յ,U+0545,ARMENIAN CAPITAL LETTER YI
Տ,U+054F,ARMENIAN CAPITAL LETTER TIWN
Ո,U+0548,ARMENIAN CAPITAL LETTER VO
Ի,U+053B,ARMENIAN CAPITAL LETTER INI
Պ,U+054A,ARMENIAN CAPITAL LETTER PEH
Լ,U+053C,ARMENIAN CAPITAL LETTER LIWN
Ձ,U+0541,ARMENIAN CAPITAL LETTER JA
Կ,U+053F,ARMENIAN CAPITAL LETTER KEN
Ն,U+0546,ARMENIAN CAPITAL LETTER NOW
Մ,U+0544,ARMENIAN CAPITAL LETTER MEN
ը,U+0568,ARMENIAN SMALL LETTER ET
շ,U+0577,ARMENIAN SMALL LETTER SHA
ժ,U+056A,ARMENIAN SMALL LETTER ZHE
ց,U+0581,ARMENIAN SMALL LETTER CO
և,U+0587,ARMENIAN SMALL LIGATURE ECH YIWN
չ,U+0579,ARMENIAN SMALL LETTER CHA
է,U+0567,ARMENIAN SMALL LETTER EH
ռ,U+057C,ARMENIAN SMALL LETTER RA
թ,U+0569,ARMENIAN SMALL LETTER TO
՜,U+055C,ARMENIAN EXCLAMATION MARK
★,U+2605,BLACK STAR
օ,U+0585,ARMENIAN SMALL LETTER OH
փ,U+0583,ARMENIAN SMALL LETTER PIWR
ղ,U+0572,ARMENIAN SMALL LETTER GHAD
ջ,U+057B,ARMENIAN SMALL LETTER JHEH
՛,U+055B,ARMENIAN EMPHASIS MARK
ք,U+0584,ARMENIAN SMALL LETTER KEH
՝,U+055D,ARMENIAN COMMA
՞,U+055E,ARMENIAN QUESTION MARK
։,U+0589,ARMENIAN FULL STOP
Ը,U+0538,ARMENIAN CAPITAL LETTER ET
Շ,U+0547,ARMENIAN CAPITAL LETTER SHA
Ժ,U+053A,ARMENIAN CAPITAL LETTER ZHE
Ց,U+0551,ARMENIAN CAPITAL LETTER CO
Չ,U+0549,ARMENIAN CAPITAL LETTER CHA
Է,U+0537,ARMENIAN CAPITAL LETTER EH
Ռ,U+054C,ARMENIAN CAPITAL LETTER RA
Թ,U+0539,ARMENIAN CAPITAL LETTER TO
Օ,U+0555,ARMENIAN CAPITAL LETTER OH
՚,U+055A,ARMENIAN APOSTROPHE
Փ,U+0553,ARMENIAN CAPITAL LETTER PIWR
Ղ,U+0542,ARMENIAN CAPITAL LETTER GHAD
Ջ,U+054B,ARMENIAN CAPITAL LETTER JHEH
֊,U+058A,ARMENIAN HYPHEN
Ք,U+0554,ARMENIAN CAPITAL LETTER KEH
՟,U+055F,ARMENIAN ABBREVIATION MARK
α,U+03B1,GREEK SMALL LETTER ALPHA
σ,U+03C3,GREEK SMALL LETTER SIGMA
δ,U+03B4,GREEK SMALL LETTER DELTA
φ,U+03C6,GREEK SMALL LETTER PHI
η,U+03B7,GREEK SMALL LETTER ETA
γ,U+03B3,GREEK SMALL LETTER GAMMA
ζ,U+03B6,GREEK SMALL LETTER ZETA
χ,U+03C7,GREEK SMALL LETTER CHI
ψ,U+03C8,GREEK SMALL LETTER PSI
ω,U+03C9,GREEK SMALL LETTER OMEGA
β,U+03B2,GREEK SMALL LETTER BETA
ς,U+03C2,GREEK SMALL LETTER FINAL SIGMA
ε,U+03B5,GREEK SMALL LETTER EPSILON
ρ,U+03C1,GREEK SMALL LETTER RHO
υ,U+03C5,GREEK SMALL LETTER UPSILON
τ,U+03C4,GREEK SMALL LETTER TAU
ο,U+03BF,GREEK SMALL LETTER OMICRON
θ,U+03B8,GREEK SMALL LETTER THETA
ι,U+03B9,GREEK SMALL LETTER IOTA
λ,U+03BB,GREEK SMALL LETTER LAMDA
ξ,U+03BE,GREEK SMALL LETTER XI
κ,U+03BA,GREEK SMALL LETTER KAPPA
΄,U+0384,GREEK TONOS
ν,U+03BD,GREEK SMALL LETTER NU
μ,U+03BC,GREEK SMALL LETTER MU
½,U+00BD,VULGAR FRACTION ONE HALF
―,U+2015,HORIZONTAL BAR
¹,U+00B9,SUPERSCRIPT ONE
²,U+00B2,SUPERSCRIPT TWO
³,U+00B3,SUPERSCRIPT THREE
­,U+00AD,SOFT HYPHEN
΅,U+0385,GREEK DIALYTIKA TONOS
¦,U+00A6,BROKEN BAR
ά,U+03AC,GREEK SMALL LETTER ALPHA WITH TONOS
Π,U+03A0,GREEK CAPITAL LETTER PI
Ϊ,U+03AA,GREEK CAPITAL LETTER IOTA WITH DIALYTIKA
Χ,U+03A7,GREEK CAPITAL LETTER CHI
Ά,U+0386,GREEK CAPITAL LETTER ALPHA WITH TONOS
Β,U+0392,GREEK CAPITAL LETTER BETA
Έ,U+0388,GREEK CAPITAL LETTER EPSILON WITH TONOS
Δ,U+0394,GREEK CAPITAL LETTER DELTA
έ,U+03AD,GREEK SMALL LETTER EPSILON WITH TONOS
ί,U+03AF,GREEK SMALL LETTER IOTA WITH TONOS
ή,U+03AE,GREEK SMALL LETTER ETA WITH TONOS
ό,U+03CC,GREEK SMALL LETTER OMICRON WITH TONOS
Ώ,U+038F,GREEK CAPITAL LETTER OMEGA WITH TONOS
Κ,U+039A,GREEK CAPITAL LETTER KAPPA
Ρ,U+03A1,GREEK CAPITAL LETTER RHO
ύ,U+03CD,GREEK SMALL LETTER UPSILON WITH TONOS
Τ,U+03A4,GREEK CAPITAL LETTER TAU
Ξ,U+039E,GREEK CAPITAL LETTER XI
Ν,U+039D,GREEK CAPITAL LETTER NU
Ζ,U+0396,GREEK CAPITAL LETTER ZETA
Ό,U+038C,GREEK CAPITAL LETTER OMICRON WITH TONOS
Ύ,U+038E,GREEK CAPITAL LETTER UPSILON WITH TONOS
ώ,U+03CE,GREEK SMALL LETTER OMEGA WITH TONOS
Μ,U+039C,GREEK CAPITAL LETTER MU
Α,U+0391,GREEK CAPITAL LETTER ALPHA
Σ,U+03A3,GREEK CAPITAL LETTER SIGMA
Φ,U+03A6,GREEK CAPITAL LETTER PHI
Η,U+0397,GREEK CAPITAL LETTER ETA
Γ,U+0393,GREEK CAPITAL LETTER GAMMA
Ψ,U+03A8,GREEK CAPITAL LETTER PSI
Ε,U+0395,GREEK CAPITAL LETTER EPSILON
Υ,U+03A5,GREEK CAPITAL LETTER UPSILON
Ο,U+039F,GREEK CAPITAL LETTER OMICRON
Θ,U+0398,GREEK CAPITAL LETTER THETA
Ι,U+0399,GREEK CAPITAL LETTER IOTA
Λ,U+039B,GREEK CAPITAL LETTER LAMDA
Ή,U+0389,GREEK CAPITAL LETTER ETA WITH TONOS
Ί,U+038A,GREEK CAPITAL LETTER IOTA WITH TONOS
Ϋ,U+03AB,GREEK CAPITAL LETTER UPSILON WITH DIALYTIKA
ϊ,U+03CA,GREEK SMALL LETTER IOTA WITH DIALYTIKA
ΐ,U+0390,GREEK SMALL LETTER IOTA WITH DIALYTIKA AND TONOS
ϋ,U+03CB,GREEK SMALL LETTER UPSILON WITH DIALYTIKA
ΰ,U+03B0,GREEK SMALL LETTER UPSILON WITH DIALYTIKA AND TONOS
ฟ,U+0E1F,THAI CHARACTER FO FAN
ห,U+0E2B,THAI CHARACTER HO HIP
ก,U+0E01,THAI CHARACTER KO KAI
ด,U+0E14,THAI CHARACTER DO DEK
้,U+0E49,THAI CHARACTER MAI THO
เ,U+0E40,THAI CHARACTER SARA E
ผ,U+0E1C,THAI CHARACTER PHO PHUNG
ป,U+0E1B,THAI CHARACTER PO PLA
แ,U+0E41,THAI CHARACTER SARA AE
อ,U+0E2D,THAI CHARACTER O ANG
ิ,U+0E34,THAI CHARACTER SARA I
ๆ,U+0E46,THAI CHARACTER MAIYAMOK
ไ,U+0E44,THAI CHARACTER SARA AI MAIMALAI
ำ,U+0E33,THAI CHARACTER SARA AM
พ,U+0E1E,THAI CHARACTER PHO PHAN
ั,U+0E31,THAI CHARACTER MAI HAN-AKAT
ะ,U+0E30,THAI CHARACTER SARA A
ๅ,U+0E45,THAI CHARACTER LAKKHANGYAO
ภ,U+0E20,THAI CHARACTER PHO SAMPHAO
ุ,U+0E38,THAI CHARACTER SARA U
ถ,U+0E16,THAI CHARACTER THO THUNG
ช,U+0E0A,THAI CHARACTER CHO CHANG
ต,U+0E15,THAI CHARACTER TO TAO
ึ,U+0E36,THAI CHARACTER SARA UE
ข,U+0E02,THAI CHARACTER KHO KHAI
ค,U+0E04,THAI CHARACTER KHO KHWAI
จ,U+0E08,THAI CHARACTER CHO CHAN
ล,U+0E25,THAI CHARACTER LO LING
น,U+0E19,THAI CHARACTER NO NU
ี,U+0E35,THAI CHARACTER SARA II
บ,U+0E1A,THAI CHARACTER BO BAIMAI
ร,U+0E23,THAI CHARACTER RO RUA
ย,U+0E22,THAI CHARACTER YO YAK
ส,U+0E2A,THAI CHARACTER SO SUA
่,U+0E48,THAI CHARACTER MAI EK
ง,U+0E07,THAI CHARACTER NGO NGU
า,U+0E32,THAI CHARACTER SARA AA
ว,U+0E27,THAI CHARACTER WO WAEN
ฃ,U+0E03,THAI CHARACTER KHO KHUAT
ม,U+0E21,THAI CHARACTER MO MA
ฝ,U+0E1D,THAI CHARACTER FO FA
ื,U+0E37,THAI CHARACTER SARA UEE
ท,U+0E17,THAI CHARACTER THO THAHAN
ใ,U+0E43,THAI CHARACTER SARA AI MAIMUAN
ฤ,U+0E24,THAI CHARACTER RU
ฆ,U+0E06,THAI CHARACTER KHO RAKHANG
ฏ,U+0E0F,THAI CHARACTER TO PATAK
โ,U+0E42,THAI CHARACTER SARA O
็,U+0E47,THAI CHARACTER MAITAIKHU
ฌ,U+0E0C,THAI CHARACTER CHO CHOE
ฉ,U+0E09,THAI CHARACTER CHO CHING
ฮ,U+0E2E,THAI CHARACTER HO NOKHUK
ฺ,U+0E3A,THAI CHARACTER PHINTHU
๐,U+0E50,THAI DIGIT ZERO
ฎ,U+0E0E,THAI CHARACTER DO CHADA
ฑ,U+0E11,THAI CHARACTER THO NANGMONTHO
ํ,U+0E4D,THAI CHARACTER NIKHAHIT
ธ,U+0E18,THAI CHARACTER THO THONG
๑,U+0E51,THAI DIGIT ONE
๒,U+0E52,THAI DIGIT TWO
๓,U+0E53,THAI DIGIT THREE
ู,U+0E39,THAI CHARACTER SARA UU
๔,U+0E54,THAI DIGIT FOUR
๙,U+0E59,THAI DIGIT NINE
๖,U+0E56,THAI DIGIT SIX
฿,U+0E3F,THAI CURRENCY SYMBOL BAHT
๘,U+0E58,THAI DIGIT EIGHT
๕,U+0E55,THAI DIGIT FIVE
๗,U+0E57,THAI DIGIT SEVEN
ฯ,U+0E2F,THAI CHARACTER PAIYANNOI
๊,U+0E4A,THAI CHARACTER MAI TRI
ฐ,U+0E10,THAI CHARACTER THO THAN
ณ,U+0E13,THAI CHARACTER NO NEN
ญ,U+0E0D,THAI CHARACTER YO YING
ศ,U+0E28,THAI CHARACTER SO SALA
๋,U+0E4B,THAI CHARACTER MAI CHATTAWA
ษ,U+0E29,THAI CHARACTER SO RUSI
ซ,U+0E0B,THAI CHARACTER SO SO
ฅ,U+0E05,THAI CHARACTER KHO KHON
ฒ,U+0E12,THAI CHARACTER THO PHUTHAO
ฦ,U+0E26,THAI CHARACTER LU
์,U+0E4C,THAI CHARACTER THANTHAKHAT
ฬ,U+0E2C,THAI CHARACTER LO CHULA
​,U+200B,ZERO WIDTH SPACE
῍,U+1FCD,GREEK PSILI AND VARIA
῏,U+1FCF,GREEK PSILI AND PERISPOMENI
`,U+1FEF,GREEK VARIA
῀,U+1FC0,GREEK PERISPOMENI
᾽,U+1FBD,GREEK KORONIS
῎,U+1FCE,GREEK PSILI AND OXIA
ϲ,U+03F2,GREEK LUNATE SIGMA SYMBOL
ϕ,U+03D5,GREEK PHI SYMBOL
ϟ,U+03DF,GREEK SMALL LETTER KOPPA
ϸ,U+03F8,GREEK SMALL LETTER SHO
ϡ,U+03E1,GREEK SMALL LETTER SAMPI
ϐ,U+03D0,GREEK BETA SYMBOL
ϙ,U+03D9,GREEK SMALL LETTER ARCHAIC KOPPA
ϝ,U+03DD,GREEK SMALL LETTER DIGAMMA
ϱ,U+03F1,GREEK RHO SYMBOL
ϗ,U+03D7,GREEK KAI SYMBOL
ϛ,U+03DB,GREEK SMALL LETTER STIGMA
ϑ,U+03D1,GREEK THETA SYMBOL
ι,U+1FBE,GREEK PROSGEGRAMMENI
ϖ,U+03D6,GREEK PI SYMBOL
ϳ,U+03F3,GREEK LETTER YOT
ϰ,U+03F0,GREEK KAPPA SYMBOL
ϻ,U+03FB,GREEK SMALL LETTER SAN
;,U+037E,GREEK QUESTION MARK
Ϲ,U+03F9,GREEK CAPITAL LUNATE SIGMA SYMBOL
Ϟ,U+03DE,GREEK LETTER KOPPA
Ϸ,U+03F7,GREEK CAPITAL LETTER SHO
Ϡ,U+03E0,GREEK LETTER SAMPI
Ϙ,U+03D8,GREEK LETTER ARCHAIC KOPPA
Ϝ,U+03DC,GREEK LETTER DIGAMMA
ϵ,U+03F5,GREEK LUNATE EPSILON SYMBOL
ϒ,U+03D2,GREEK UPSILON WITH HOOK SYMBOL
϶,U+03F6,GREEK REVERSED LUNATE EPSILON SYMBOL
Ϛ,U+03DA,GREEK LETTER STIGMA
ϴ,U+03F4,GREEK CAPITAL THETA SYMBOL
Ϻ,U+03FA,GREEK CAPITAL LETTER SAN
·,U+0387,GREEK ANO TELEIA
΅,U+1FEE,GREEK DIALYTIKA AND OXIA
῝,U+1FDD,GREEK DASIA AND VARIA
῟,U+1FDF,GREEK DASIA AND PERISPOMENI
῾,U+1FFE,GREEK DASIA
῞,U+1FDE,GREEK DASIA AND OXIA
Ᾰ,U+1FB8,GREEK CAPITAL LETTER ALPHA WITH VRACHY
Ὰ,U+1FBA,GREEK CAPITAL LETTER ALPHA WITH VARIA
ᾼ,U+1FBC,GREEK CAPITAL LETTER ALPHA WITH PROSGEGRAMMENI
Ᾱ,U+1FB9,GREEK CAPITAL LETTER ALPHA WITH MACRON
Ἅ,U+1F0D,GREEK CAPITAL LETTER ALPHA WITH DASIA AND OXIA
ᾍ,U+1F8D,GREEK CAPITAL LETTER ALPHA WITH DASIA AND OXIA AND PROSGEGRAMMENI
Ἇ,U+1F0F,GREEK CAPITAL LETTER ALPHA WITH DASIA AND PERISPOMENI
ᾏ,U+1F8F,GREEK CAPITAL LETTER ALPHA WITH DASIA AND PERISPOMENI AND PROSGEGRAMMENI
Ἃ,U+1F0B,GREEK CAPITAL LETTER ALPHA WITH DASIA AND VARIA
ᾋ,U+1F8B,GREEK CAPITAL LETTER ALPHA WITH DASIA AND VARIA AND PROSGEGRAMMENI
ᾉ,U+1F89,GREEK CAPITAL LETTER ALPHA WITH DASIA AND PROSGEGRAMMENI
Ἁ,U+1F09,GREEK CAPITAL LETTER ALPHA WITH DASIA
Ἄ,U+1F0C,GREEK CAPITAL LETTER ALPHA WITH PSILI AND OXIA
ᾌ,U+1F8C,GREEK CAPITAL LETTER ALPHA WITH PSILI AND OXIA AND PROSGEGRAMMENI
Ἆ,U+1F0E,GREEK CAPITAL LETTER ALPHA WITH PSILI AND PERISPOMENI
ᾎ,U+1F8E,GREEK CAPITAL LETTER ALPHA WITH PSILI AND PERISPOMENI AND PROSGEGRAMMENI
Ἂ,U+1F0A,GREEK CAPITAL LETTER ALPHA WITH PSILI AND VARIA
ᾊ,U+1F8A,GREEK CAPITAL LETTER ALPHA WITH PSILI AND VARIA AND PROSGEGRAMMENI
ᾈ,U+1F88,GREEK CAPITAL LETTER ALPHA WITH PSILI AND PROSGEGRAMMENI
Ἀ,U+1F08,GREEK CAPITAL LETTER ALPHA WITH PSILI
Ὲ,U+1FC8,GREEK CAPITAL LETTER EPSILON WITH VARIA
Ἕ,U+1F1D,GREEK CAPITAL LETTER EPSILON WITH DASIA AND OXIA
Ἓ,U+1F1B,GREEK CAPITAL LETTER EPSILON WITH DASIA AND VARIA
Ἑ,U+1F19,GREEK CAPITAL LETTER EPSILON WITH DASIA
Ἔ,U+1F1C,GREEK CAPITAL LETTER EPSILON WITH PSILI AND OXIA
Ἒ,U+1F1A,GREEK CAPITAL LETTER EPSILON WITH PSILI AND VARIA
Ἐ,U+1F18,GREEK CAPITAL LETTER EPSILON WITH PSILI
Ὴ,U+1FCA,GREEK CAPITAL LETTER ETA WITH VARIA
ῌ,U+1FCC,GREEK CAPITAL LETTER ETA WITH PROSGEGRAMMENI
Ἥ,U+1F2D,GREEK CAPITAL LETTER ETA WITH DASIA AND OXIA
ᾝ,U+1F9D,GREEK CAPITAL LETTER ETA WITH DASIA AND OXIA AND PROSGEGRAMMENI
Ἧ,U+1F2F,GREEK CAPITAL LETTER ETA WITH DASIA AND PERISPOMENI
ᾟ,U+1F9F,GREEK CAPITAL LETTER ETA WITH DASIA AND PERISPOMENI AND PROSGEGRAMMENI
Ἣ,U+1F2B,GREEK CAPITAL LETTER ETA WITH DASIA AND VARIA
ᾛ,U+1F9B,GREEK CAPITAL LETTER ETA WITH DASIA AND VARIA AND PROSGEGRAMMENI
ᾙ,U+1F99,GREEK CAPITAL LETTER ETA WITH DASIA AND PROSGEGRAMMENI
Ἡ,U+1F29,GREEK CAPITAL LETTER ETA WITH DASIA
Ἤ,U+1F2C,GREEK CAPITAL LETTER ETA WITH PSILI AND OXIA
ᾜ,U+1F9C,GREEK CAPITAL LETTER ETA WITH PSILI AND OXIA AND PROSGEGRAMMENI
Ἦ,U+1F2E,GREEK CAPITAL LETTER ETA WITH PSILI AND PERISPOMENI
ᾞ,U+1F9E,GREEK CAPITAL LETTER ETA WITH PSILI AND PERISPOMENI AND PROSGEGRAMMENI
Ἢ,U+1F2A,GREEK CAPITAL LETTER ETA WITH PSILI AND VARIA
ᾚ,U+1F9A,GREEK CAPITAL LETTER ETA WITH PSILI AND VARIA AND PROSGEGRAMMENI
ᾘ,U+1F98,GREEK CAPITAL LETTER ETA WITH PSILI AND PROSGEGRAMMENI
Ἠ,U+1F28,GREEK CAPITAL LETTER ETA WITH PSILI
Ῐ,U+1FD8,GREEK CAPITAL LETTER IOTA WITH VRACHY
Ὶ,U+1FDA,GREEK CAPITAL LETTER IOTA WITH VARIA
Ῑ,U+1FD9,GREEK CAPITAL LETTER IOTA WITH MACRON
Ἵ,U+1F3D,GREEK CAPITAL LETTER IOTA WITH DASIA AND OXIA
Ἷ,U+1F3F,GREEK CAPITAL LETTER IOTA WITH DASIA AND PERISPOMENI
Ἳ,U+1F3B,GREEK CAPITAL LETTER IOTA WITH DASIA AND VARIA
Ἱ,U+1F39,GREEK CAPITAL LETTER IOTA WITH DASIA
Ἴ,U+1F3C,GREEK CAPITAL LETTER IOTA WITH PSILI AND OXIA
Ἶ,U+1F3E,GREEK CAPITAL LETTER IOTA WITH PSILI AND PERISPOMENI
Ἲ,U+1F3A,GREEK CAPITAL LETTER IOTA WITH PSILI AND VARIA
Ἰ,U+1F38,GREEK CAPITAL LETTER IOTA WITH PSILI
Ὼ,U+1FFA,GREEK CAPITAL LETTER OMEGA WITH VARIA
ῼ,U+1FFC,GREEK CAPITAL LETTER OMEGA WITH PROSGEGRAMMENI
Ὥ,U+1F6D,GREEK CAPITAL LETTER OMEGA WITH DASIA AND OXIA
ᾭ,U+1FAD,GREEK CAPITAL LETTER OMEGA WITH DASIA AND OXIA AND PROSGEGRAMMENI
Ὧ,U+1F6F,GREEK CAPITAL LETTER OMEGA WITH DASIA AND PERISPOMENI
ᾯ,U+1FAF,GREEK CAPITAL LETTER OMEGA WITH DASIA AND PERISPOMENI AND PROSGEGRAMMENI
Ὣ,U+1F6B,GREEK CAPITAL LETTER OMEGA WITH DASIA AND VARIA
ᾫ,U+1FAB,GREEK CAPITAL LETTER OMEGA WITH DASIA AND VARIA AND PROSGEGRAMMENI
ᾩ,U+1FA9,GREEK CAPITAL LETTER OMEGA WITH DASIA AND PROSGEGRAMMENI
Ὡ,U+1F69,GREEK CAPITAL LETTER OMEGA WITH DASIA
Ὤ,U+1F6C,GREEK CAPITAL LETTER OMEGA WITH PSILI AND OXIA
ᾬ,U+1FAC,GREEK CAPITAL LETTER OMEGA WITH PSILI AND OXIA AND PROSGEGRAMMENI
Ὦ,U+1F6E,GREEK CAPITAL LETTER OMEGA WITH PSILI AND PERISPOMENI
ᾮ,U+1FAE,GREEK CAPITAL LETTER OMEGA WITH PSILI AND PERISPOMENI AND PROSGEGRAMMENI
ᾪ,U+1FAA,GREEK CAPITAL LETTER OMEGA WITH PSILI AND VARIA AND PROSGEGRAMMENI
ᾨ,U+1FA8,GREEK CAPITAL LETTER OMEGA WITH PSILI AND PROSGEGRAMMENI
Ὠ,U+1F68,GREEK CAPITAL LETTER OMEGA WITH PSILI
Ὸ,U+1FF8,GREEK CAPITAL LETTER OMICRON WITH VARIA
Ὅ,U+1F4D,GREEK CAPITAL LETTER OMICRON WITH DASIA AND OXIA
Ὃ,U+1F4B,GREEK CAPITAL LETTER OMICRON WITH DASIA AND VARIA
Ὁ,U+1F49,GREEK CAPITAL LETTER OMICRON WITH DASIA
Ὄ,U+1F4C,GREEK CAPITAL LETTER OMICRON WITH PSILI AND OXIA
Ὂ,U+1F4A,GREEK CAPITAL LETTER OMICRON WITH PSILI AND VARIA
Ὀ,U+1F48,GREEK CAPITAL LETTER OMICRON WITH PSILI
Ῥ,U+1FEC,GREEK CAPITAL LETTER RHO WITH DASIA
Ῠ,U+1FE8,GREEK CAPITAL LETTER UPSILON WITH VRACHY
Ὺ,U+1FEA,GREEK CAPITAL LETTER UPSILON WITH VARIA
Ῡ,U+1FE9,GREEK CAPITAL LETTER UPSILON WITH MACRON
Ὕ,U+1F5D,GREEK CAPITAL LETTER UPSILON WITH DASIA AND OXIA
Ὗ,U+1F5F,GREEK CAPITAL LETTER UPSILON WITH DASIA AND PERISPOMENI
Ὓ,U+1F5B,GREEK CAPITAL LETTER UPSILON WITH DASIA AND VARIA
Ὑ,U+1F59,GREEK CAPITAL LETTER UPSILON WITH DASIA
ᾴ,U+1FB4,GREEK SMALL LETTER ALPHA WITH OXIA AND YPOGEGRAMMENI
ᾰ,U+1FB0,GREEK SMALL LETTER ALPHA WITH VRACHY
ᾷ,U+1FB7,GREEK SMALL LETTER ALPHA WITH PERISPOMENI AND YPOGEGRAMMENI
ᾶ,U+1FB6,GREEK SMALL LETTER ALPHA WITH PERISPOMENI
ᾲ,U+1FB2,GREEK SMALL LETTER ALPHA WITH VARIA AND YPOGEGRAMMENI
ὰ,U+1F70,GREEK SMALL LETTER ALPHA WITH VARIA
ᾳ,U+1FB3,GREEK SMALL LETTER ALPHA WITH YPOGEGRAMMENI
ᾱ,U+1FB1,GREEK SMALL LETTER ALPHA WITH MACRON
ἅ,U+1F05,GREEK SMALL LETTER ALPHA WITH DASIA AND OXIA
ᾅ,U+1F85,GREEK SMALL LETTER ALPHA WITH DASIA AND OXIA AND YPOGEGRAMMENI
ἇ,U+1F07,GREEK SMALL LETTER ALPHA WITH DASIA AND PERISPOMENI
ᾇ,U+1F87,GREEK SMALL LETTER ALPHA WITH DASIA AND PERISPOMENI AND YPOGEGRAMMENI
ἃ,U+1F03,GREEK SMALL LETTER ALPHA WITH DASIA AND VARIA
ᾃ,U+1F83,GREEK SMALL LETTER ALPHA WITH DASIA AND VARIA AND YPOGEGRAMMENI
ᾁ,U+1F81,GREEK SMALL LETTER ALPHA WITH DASIA AND YPOGEGRAMMENI
ἁ,U+1F01,GREEK SMALL LETTER ALPHA WITH DASIA
ἄ,U+1F04,GREEK SMALL LETTER ALPHA WITH PSILI AND OXIA
ᾄ,U+1F84,GREEK SMALL LETTER ALPHA WITH PSILI AND OXIA AND YPOGEGRAMMENI
ἆ,U+1F06,GREEK SMALL LETTER ALPHA WITH PSILI AND PERISPOMENI
ᾆ,U+1F86,GREEK SMALL LETTER ALPHA WITH PSILI AND PERISPOMENI AND YPOGEGRAMMENI
ἂ,U+1F02,GREEK SMALL LETTER ALPHA WITH PSILI AND VARIA
ᾂ,U+1F82,GREEK SMALL LETTER ALPHA WITH PSILI AND VARIA AND YPOGEGRAMMENI
ᾀ,U+1F80,GREEK SMALL LETTER ALPHA WITH PSILI AND YPOGEGRAMMENI
ἀ,U+1F00,GREEK SMALL LETTER ALPHA WITH PSILI
ϓ,U+03D3,GREEK UPSILON WITH ACUTE AND HOOK SYMBOL
ϔ,U+03D4,GREEK UPSILON WITH DIAERESIS AND HOOK SYMBOL
ὲ,U+1F72,GREEK SMALL LETTER EPSILON WITH VARIA
ἕ,U+1F15,GREEK SMALL LETTER EPSILON WITH DASIA AND OXIA
ἓ,U+1F13,GREEK SMALL LETTER EPSILON WITH DASIA AND VARIA
ἑ,U+1F11,GREEK SMALL LETTER EPSILON WITH DASIA
ἔ,U+1F14,GREEK SMALL LETTER EPSILON WITH PSILI AND OXIA
ἒ,U+1F12,GREEK SMALL LETTER EPSILON WITH PSILI AND VARIA
ἐ,U+1F10,GREEK SMALL LETTER EPSILON WITH PSILI
ῄ,U+1FC4,GREEK SMALL LETTER ETA WITH OXIA AND YPOGEGRAMMENI
ῇ,U+1FC7,GREEK SMALL LETTER ETA WITH PERISPOMENI AND YPOGEGRAMMENI
ῆ,U+1FC6,GREEK SMALL LETTER ETA WITH PERISPOMENI
ῂ,U+1FC2,GREEK SMALL LETTER ETA WITH VARIA AND YPOGEGRAMMENI
ὴ,U+1F74,GREEK SMALL LETTER ETA WITH VARIA
ῃ,U+1FC3,GREEK SMALL LETTER ETA WITH YPOGEGRAMMENI
ἥ,U+1F25,GREEK SMALL LETTER ETA WITH DASIA AND OXIA
ᾕ,U+1F95,GREEK SMALL LETTER ETA WITH DASIA AND OXIA AND YPOGEGRAMMENI
ἧ,U+1F27,GREEK SMALL LETTER ETA WITH DASIA AND PERISPOMENI
ᾗ,U+1F97,GREEK SMALL LETTER ETA WITH DASIA AND PERISPOMENI AND YPOGEGRAMMENI
ἣ,U+1F23,GREEK SMALL LETTER ETA WITH DASIA AND VARIA
ᾓ,U+1F93,GREEK SMALL LETTER ETA WITH DASIA AND VARIA AND YPOGEGRAMMENI
ᾑ,U+1F91,GREEK SMALL LETTER ETA WITH DASIA AND YPOGEGRAMMENI
ἡ,U+1F21,GREEK SMALL LETTER ETA WITH DASIA
ἤ,U+1F24,GREEK SMALL LETTER ETA WITH PSILI AND OXIA
ᾔ,U+1F94,GREEK SMALL LETTER ETA WITH PSILI AND OXIA AND YPOGEGRAMMENI
ἦ,U+1F26,GREEK SMALL LETTER ETA WITH PSILI AND PERISPOMENI
ᾖ,U+1F96,GREEK SMALL LETTER ETA WITH PSILI AND PERISPOMENI AND YPOGEGRAMMENI
ἢ,U+1F22,GREEK SMALL LETTER ETA WITH PSILI AND VARIA
ᾒ,U+1F92,GREEK SMALL LETTER ETA WITH PSILI AND VARIA AND YPOGEGRAMMENI
ᾐ,U+1F90,GREEK SMALL LETTER ETA WITH PSILI AND YPOGEGRAMMENI
ἠ,U+1F20,GREEK SMALL LETTER ETA WITH PSILI
ῐ,U+1FD0,GREEK SMALL LETTER IOTA WITH VRACHY
ῗ,U+1FD7,GREEK SMALL LETTER IOTA WITH DIALYTIKA AND PERISPOMENI
ῖ,U+1FD6,GREEK SMALL LETTER IOTA WITH PERISPOMENI
ῒ,U+1FD2,GREEK SMALL LETTER IOTA WITH DIALYTIKA AND VARIA
ὶ,U+1F76,GREEK SMALL LETTER IOTA WITH VARIA
ῑ,U+1FD1,GREEK SMALL LETTER IOTA WITH MACRON
ἵ,U+1F35,GREEK SMALL LETTER IOTA WITH DASIA AND OXIA
ἷ,U+1F37,GREEK SMALL LETTER IOTA WITH DASIA AND PERISPOMENI
ἳ,U+1F33,GREEK SMALL LETTER IOTA WITH DASIA AND VARIA
ἱ,U+1F31,GREEK SMALL LETTER IOTA WITH DASIA
ἴ,U+1F34,GREEK SMALL LETTER IOTA WITH PSILI AND OXIA
ἶ,U+1F36,GREEK SMALL LETTER IOTA WITH PSILI AND PERISPOMENI
ἲ,U+1F32,GREEK SMALL LETTER IOTA WITH PSILI AND VARIA
ἰ,U+1F30,GREEK SMALL LETTER IOTA WITH PSILI
῁,U+1FC1,GREEK DIALYTIKA AND PERISPOMENI
͂,U+0342,COMBINING GREEK PERISPOMENI
῭,U+1FED,GREEK DIALYTIKA AND VARIA
ͅ,U+0345,COMBINING GREEK YPOGEGRAMMENI
̔,U+0314,COMBINING REVERSED COMMA ABOVE
̓,U+0313,COMBINING COMMA ABOVE
ῴ,U+1FF4,GREEK SMALL LETTER OMEGA WITH OXIA AND YPOGEGRAMMENI
ῷ,U+1FF7,GREEK SMALL LETTER OMEGA WITH PERISPOMENI AND YPOGEGRAMMENI
ῶ,U+1FF6,GREEK SMALL LETTER OMEGA WITH PERISPOMENI
ῲ,U+1FF2,GREEK SMALL LETTER OMEGA WITH VARIA AND YPOGEGRAMMENI
ὼ,U+1F7C,GREEK SMALL LETTER OMEGA WITH VARIA
ῳ,U+1FF3,GREEK SMALL LETTER OMEGA WITH YPOGEGRAMMENI
ὥ,U+1F65,GREEK SMALL LETTER OMEGA WITH DASIA AND OXIA
ᾥ,U+1FA5,GREEK SMALL LETTER OMEGA WITH DASIA AND OXIA AND YPOGEGRAMMENI
ὧ,U+1F67,GREEK SMALL LETTER OMEGA WITH DASIA AND PERISPOMENI
ᾧ,U+1FA7,GREEK SMALL LETTER OMEGA WITH DASIA AND PERISPOMENI AND YPOGEGRAMMENI
ὣ,U+1F63,GREEK SMALL LETTER OMEGA WITH DASIA AND VARIA
ᾣ,U+1FA3,GREEK SMALL LETTER OMEGA WITH DASIA AND VARIA AND YPOGEGRAMMENI
ᾡ,U+1FA1,GREEK SMALL LETTER OMEGA WITH DASIA AND YPOGEGRAMMENI
ὡ,U+1F61,GREEK SMALL LETTER OMEGA WITH DASIA
ὤ,U+1F64,GREEK SMALL LETTER OMEGA WITH PSILI AND OXIA
ᾤ,U+1FA4,GREEK SMALL LETTER OMEGA WITH PSILI AND OXIA AND YPOGEGRAMMENI
ὦ,U+1F66,GREEK SMALL LETTER OMEGA WITH PSILI AND PERISPOMENI
ᾦ,U+1FA6,GREEK SMALL LETTER OMEGA WITH PSILI AND PERISPOMENI AND YPOGEGRAMMENI
ὢ,U+1F62,GREEK SMALL LETTER OMEGA WITH PSILI AND VARIA
ᾢ,U+1FA2,GREEK SMALL LETTER OMEGA WITH PSILI AND VARIA AND YPOGEGRAMMENI
ᾠ,U+1FA0,GREEK SMALL LETTER OMEGA WITH PSILI AND YPOGEGRAMMENI
ὠ,U+1F60,GREEK SMALL LETTER OMEGA WITH PSILI
ὸ,U+1F78,GREEK SMALL LETTER OMICRON WITH VARIA
ὅ,U+1F45,GREEK SMALL LETTER OMICRON WITH DASIA AND OXIA
ὃ,U+1F43,GREEK SMALL LETTER OMICRON WITH DASIA AND VARIA
ὁ,U+1F41,GREEK SMALL LETTER OMICRON WITH DASIA
ὄ,U+1F44,GREEK SMALL LETTER OMICRON WITH PSILI AND OXIA
ὂ,U+1F42,GREEK SMALL LETTER OMICRON WITH PSILI AND VARIA
ὀ,U+1F40,GREEK SMALL LETTER OMICRON WITH PSILI
ῥ,U+1FE5,GREEK SMALL LETTER RHO WITH DASIA
ῤ,U+1FE4,GREEK SMALL LETTER RHO WITH PSILI
´,U+1FFD,GREEK OXIA
ˉ,U+02C9,MODIFIER LETTER MACRON
ῠ,U+1FE0,GREEK SMALL LETTER UPSILON WITH VRACHY
ῧ,U+1FE7,GREEK SMALL LETTER UPSILON WITH DIALYTIKA AND PERISPOMENI
ῦ,U+1FE6,GREEK SMALL LETTER UPSILON WITH PERISPOMENI
ῢ,U+1FE2,GREEK SMALL LETTER UPSILON WITH DIALYTIKA AND VARIA
ὺ,U+1F7A,GREEK SMALL LETTER UPSILON WITH VARIA
ῡ,U+1FE1,GREEK SMALL LETTER UPSILON WITH MACRON
ὕ,U+1F55,GREEK SMALL LETTER UPSILON WITH DASIA AND OXIA
ὗ,U+1F57,GREEK SMALL LETTER UPSILON WITH DASIA AND PERISPOMENI
ὓ,U+1F53,GREEK SMALL LETTER UPSILON WITH DASIA AND VARIA
ὑ,U+1F51,GREEK SMALL LETTER UPSILON WITH DASIA
ὔ,U+1F54,GREEK SMALL LETTER UPSILON WITH PSILI AND OXIA
ὖ,U+1F56,GREEK SMALL LETTER UPSILON WITH PSILI AND PERISPOMENI
ὒ,U+1F52,GREEK SMALL LETTER UPSILON WITH PSILI AND VARIA
ὐ,U+1F50,GREEK SMALL LETTER UPSILON WITH PSILI
ਾ,U+0A3E,GURMUKHI VOWEL SIGN AA
ਸ,U+0A38,GURMUKHI LETTER SA
ਦ,U+0A26,GURMUKHI LETTER DA
੍,U+0A4D,GURMUKHI SIGN VIRAMA
ਹ,U+0A39,GURMUKHI LETTER HA
ਗ,U+0A17,GURMUKHI LETTER GA
ਙ,U+0A19,GURMUKHI LETTER NGA
ਡ਼,,
ਚ,U+0A1A,GURMUKHI LETTER CA
ਵ,U+0A35,GURMUKHI LETTER VA
ਬ,U+0A2C,GURMUKHI LETTER BA
ੳ,U+0A73,GURMUKHI URA
ਅ,U+0A05,GURMUKHI LETTER A
ੇ,U+0A47,GURMUKHI VOWEL SIGN EE
ਰ,U+0A30,GURMUKHI LETTER RA
ਯ,U+0A2F,GURMUKHI LETTER YA
ਤ,U+0A24,GURMUKHI LETTER TA
੧,U+0A67,GURMUKHI DIGIT ONE
੨,U+0A68,GURMUKHI DIGIT TWO
੩,U+0A69,GURMUKHI DIGIT THREE
੪,U+0A6A,GURMUKHI DIGIT FOUR
੬,U+0A6C,GURMUKHI DIGIT SIX
੫,U+0A6B,GURMUKHI DIGIT FIVE
੯,U+0A6F,GURMUKHI DIGIT NINE
੭,U+0A6D,GURMUKHI DIGIT SEVEN
੮,U+0A6E,GURMUKHI DIGIT EIGHT
੦,U+0A66,GURMUKHI DIGIT ZERO
ੰ,U+0A70,GURMUKHI TIPPI
ੋ,U+0A4B,GURMUKHI VOWEL SIGN OO
ੁ,U+0A41,GURMUKHI VOWEL SIGN U
ੱ,U+0A71,GURMUKHI ADDAK
ਿ,U+0A3F,GURMUKHI VOWEL SIGN I
ਪ,U+0A2A,GURMUKHI LETTER PA
ਲ,U+0A32,GURMUKHI LETTER LA
ਜ,U+0A1C,GURMUKHI LETTER JA
ਕ,U+0A15,GURMUKHI LETTER KA
ਨ,U+0A28,GURMUKHI LETTER NA
ਮ,U+0A2E,GURMUKHI LETTER MA
।,U+0964,DEVANAGARI DANDA
ਸ਼,U+0A36,GURMUKHI LETTER SHA
ਧ,U+0A27,GURMUKHI LETTER DHA
਼,U+0A3C,GURMUKHI SIGN NUKTA
ਘ,U+0A18,GURMUKHI LETTER GHA
ਢ਼,,
ਛ,U+0A1B,GURMUKHI LETTER CHA
ੴ,U+0A74,GURMUKHI EK ONKAR
ਭ,U+0A2D,GURMUKHI LETTER BHA
ੲ,U+0A72,GURMUKHI IRI
ਆ,U+0A06,GURMUKHI LETTER AA
ੈ,U+0A48,GURMUKHI VOWEL SIGN AI
ਥ,U+0A25,GURMUKHI LETTER THA
ੌ,U+0A4C,GURMUKHI VOWEL SIGN AU
ੂ,U+0A42,GURMUKHI VOWEL SIGN UU
ੀ,U+0A40,GURMUKHI VOWEL SIGN II
ਫ,U+0A2B,GURMUKHI LETTER PHA
ਝ,U+0A1D,GURMUKHI LETTER JHA
ਖ,U+0A16,GURMUKHI LETTER KHA
ਣ,U+0A23,GURMUKHI LETTER NNA
ਂ,U+0A02,GURMUKHI SIGN BINDI
ਡ,U+0A21,GURMUKHI LETTER DDA
ਏ,U+0A0F,GURMUKHI LETTER EE
ਟ,U+0A1F,GURMUKHI LETTER TTA
ਓ,U+0A13,GURMUKHI LETTER OO
ਉ,U+0A09,GURMUKHI LETTER U
ਇ,U+0A07,GURMUKHI LETTER I
ਞ,U+0A1E,GURMUKHI LETTER NYA
ਢ,U+0A22,GURMUKHI LETTER DDHA
ਐ,U+0A10,GURMUKHI LETTER AI
ਠ,U+0A20,GURMUKHI LETTER TTHA
−,U+2212,MINUS SIGN
ਔ,U+0A14,GURMUKHI LETTER AU
ਊ,U+0A0A,GURMUKHI LETTER UU
ਈ,U+0A08,GURMUKHI LETTER II
ૃ,U+0AC3,GUJARATI VOWEL SIGN VOCALIC R
੍ਰ,,
ा,U+093E,DEVANAGARI VOWEL SIGN AA
स,U+0938,DEVANAGARI LETTER SA
द,U+0926,DEVANAGARI LETTER DA
्,U+094D,DEVANAGARI SIGN VIRAMA
ह,U+0939,DEVANAGARI LETTER HA
ग,U+0917,DEVANAGARI LETTER GA
ङ,U+0919,DEVANAGARI LETTER NGA
ष,U+0937,DEVANAGARI LETTER SSA
च,U+091A,DEVANAGARI LETTER CA
व,U+0935,DEVANAGARI LETTER VA
ब,U+092C,DEVANAGARI LETTER BA
ॅ,U+0945,DEVANAGARI VOWEL SIGN CANDRA E
अ,U+0905,DEVANAGARI LETTER A
े,U+0947,DEVANAGARI VOWEL SIGN E
र,U+0930,DEVANAGARI LETTER RA
य,U+092F,DEVANAGARI LETTER YA
त,U+0924,DEVANAGARI LETTER TA
१,U+0967,DEVANAGARI DIGIT ONE
२,U+0968,DEVANAGARI DIGIT TWO
३,U+0969,DEVANAGARI DIGIT THREE
४,U+096A,DEVANAGARI DIGIT FOUR
६,U+096C,DEVANAGARI DIGIT SIX
५,U+096B,DEVANAGARI DIGIT FIVE
९,U+096F,DEVANAGARI DIGIT NINE
७,U+096D,DEVANAGARI DIGIT SEVEN
८,U+096E,DEVANAGARI DIGIT EIGHT
०,U+0966,DEVANAGARI DIGIT ZERO
र॰,,
ो,U+094B,DEVANAGARI VOWEL SIGN O
ु,U+0941,DEVANAGARI VOWEL SIGN U
॰,U+0970,DEVANAGARI ABBREVIATION SIGN
ि,U+093F,DEVANAGARI VOWEL SIGN I
प,U+092A,DEVANAGARI LETTER PA
ल,U+0932,DEVANAGARI LETTER LA
ज,U+091C,DEVANAGARI LETTER JA
क,U+0915,DEVANAGARI LETTER KA
ॊ,U+094A,DEVANAGARI VOWEL SIGN SHORT O
न,U+0928,DEVANAGARI LETTER NA
म,U+092E,DEVANAGARI LETTER MA
ॆ,U+0946,DEVANAGARI VOWEL SIGN SHORT E
श,U+0936,DEVANAGARI LETTER SHA
ध,U+0927,DEVANAGARI LETTER DHA
़,U+093C,DEVANAGARI SIGN NUKTA
ः,U+0903,DEVANAGARI SIGN VISARGA
घ,U+0918,DEVANAGARI LETTER GHA
ँ,U+0901,DEVANAGARI SIGN CANDRABINDU
क्ष,,
छ,U+091B,DEVANAGARI LETTER CHA
भ,U+092D,DEVANAGARI LETTER BHA
ॉ,U+0949,DEVANAGARI VOWEL SIGN CANDRA O
आ,U+0906,DEVANAGARI LETTER AA
ै,U+0948,DEVANAGARI VOWEL SIGN AI
ृ,U+0943,DEVANAGARI VOWEL SIGN VOCALIC R
य़,U+095F,DEVANAGARI LETTER YYA
थ,U+0925,DEVANAGARI LETTER THA
ौ,U+094C,DEVANAGARI VOWEL SIGN AU
ू,U+0942,DEVANAGARI VOWEL SIGN UU
ी,U+0940,DEVANAGARI VOWEL SIGN II
फ,U+092B,DEVANAGARI LETTER PHA
ळ,U+0933,DEVANAGARI LETTER LLA
झ,U+091D,DEVANAGARI LETTER JHA
ख,U+0916,DEVANAGARI LETTER KHA
ऒ,U+0912,DEVANAGARI LETTER SHORT O
ण,U+0923,DEVANAGARI LETTER NNA
ं,U+0902,DEVANAGARI SIGN ANUSVARA
ऎ,U+090E,DEVANAGARI LETTER SHORT E
श्र,,
ड,U+0921,DEVANAGARI LETTER DDA
ऍ,U+090D,DEVANAGARI LETTER CANDRA E
ए,U+090F,DEVANAGARI LETTER E
ऋ,U+090B,DEVANAGARI LETTER VOCALIC R
ट,U+091F,DEVANAGARI LETTER TTA
ओ,U+0913,DEVANAGARI LETTER O
उ,U+0909,DEVANAGARI LETTER U
इ,U+0907,DEVANAGARI LETTER I
ऴ,U+0934,DEVANAGARI LETTER LLLA
ज्ञ,,
ऽ,U+093D,DEVANAGARI SIGN AVAGRAHA
ञ,U+091E,DEVANAGARI LETTER NYA
ढ,U+0922,DEVANAGARI LETTER DDHA
ऑ,U+0911,DEVANAGARI LETTER CANDRA O
ऐ,U+0910,DEVANAGARI LETTER AI
ऱ,U+0931,DEVANAGARI LETTER RRA
ठ,U+0920,DEVANAGARI LETTER TTHA
औ,U+0914,DEVANAGARI LETTER AU
ऊ,U+090A,DEVANAGARI LETTER UU
ई,U+0908,DEVANAGARI LETTER II
ऩ,U+0929,DEVANAGARI LETTER NNNA
॥,U+0965,DEVANAGARI DOUBLE DANDA
्‍,,
्‌,,
ɼ,U+027C,LATIN SMALL LETTER R WITH LONG LEG
Q̇,,
q̇,,
ẙ,,
ᖮ,U+15AE,CANADIAN SYLLABICS TH-CREE TH
ᐁ,U+1401,CANADIAN SYLLABICS E
ریال,,
٭,U+066D,ARABIC FIVE POINTED STAR
ો,U+0ACB,GUJARATI VOWEL SIGN O
ે,U+0AC7,GUJARATI VOWEL SIGN E
્,U+0ACD,GUJARATI SIGN VIRAMA
િ,U+0ABF,GUJARATI VOWEL SIGN I
પ,U+0AAA,GUJARATI LETTER PA
ુ,U+0AC1,GUJARATI VOWEL SIGN U
ં,U+0A82,GUJARATI SIGN ANUSVARA
મ,U+0AAE,GUJARATI LETTER MA
ન,U+0AA8,GUJARATI LETTER NA
વ,U+0AB5,GUJARATI LETTER VA
ૌ,U+0ACC,GUJARATI VOWEL SIGN AU
ૈ,U+0AC8,GUJARATI VOWEL SIGN AI
ા,U+0ABE,GUJARATI VOWEL SIGN AA
ી,U+0AC0,GUJARATI VOWEL SIGN II
બ,U+0AAC,GUJARATI LETTER BA
ૂ,U+0AC2,GUJARATI VOWEL SIGN UU
૧,U+0AE7,GUJARATI DIGIT ONE
૨,U+0AE8,GUJARATI DIGIT TWO
૩,U+0AE9,GUJARATI DIGIT THREE
૪,U+0AEA,GUJARATI DIGIT FOUR
૬,U+0AEC,GUJARATI DIGIT SIX
૫,U+0AEB,GUJARATI DIGIT FIVE
૯,U+0AEF,GUJARATI DIGIT NINE
૭,U+0AED,GUJARATI DIGIT SEVEN
૮,U+0AEE,GUJARATI DIGIT EIGHT
૦,U+0AE6,GUJARATI DIGIT ZERO
઼,U+0ABC,GUJARATI SIGN NUKTA
દ,U+0AA6,GUJARATI LETTER DA
હ,U+0AB9,GUJARATI LETTER HA
ડ,U+0AA1,GUJARATI LETTER DDA
ગ,U+0A97,GUJARATI LETTER GA
જ,U+0A9C,GUJARATI LETTER JA
ત,U+0AA4,GUJARATI LETTER TA
ર,U+0AB0,GUJARATI LETTER RA
ટ,U+0A9F,GUJARATI LETTER TTA
ક,U+0A95,GUJARATI LETTER KA
ચ,U+0A9A,GUJARATI LETTER CA
ૉ,U+0AC9,GUJARATI VOWEL SIGN CANDRA O
ય,U+0AAF,GUJARATI LETTER YA
લ,U+0AB2,GUJARATI LETTER LA
સ,U+0AB8,GUJARATI LETTER SA
ઓ,U+0A93,GUJARATI LETTER O
એ,U+0A8F,GUJARATI LETTER E
અ,U+0A85,GUJARATI LETTER A
ઇ,U+0A87,GUJARATI LETTER I
ફ,U+0AAB,GUJARATI LETTER PHA
ઉ,U+0A89,GUJARATI LETTER U
ઁ,U+0A81,GUJARATI SIGN CANDRABINDU
ણ,U+0AA3,GUJARATI LETTER NNA
ઔ,U+0A94,GUJARATI LETTER AU
ઐ,U+0A90,GUJARATI LETTER AI
આ,U+0A86,GUJARATI LETTER AA
ઈ,U+0A88,GUJARATI LETTER II
ભ,U+0AAD,GUJARATI LETTER BHA
ઊ,U+0A8A,GUJARATI LETTER UU
ઍ,U+0A8D,GUJARATI VOWEL CANDRA E
ૅ,U+0AC5,GUJARATI VOWEL SIGN CANDRA E
્ર,,
ર્,,
ત્ર,,
જ્ઞ,,
ઋ,U+0A8B,GUJARATI LETTER VOCALIC R
ક્ષ,,
ઃ,U+0A83,GUJARATI SIGN VISARGA
શ્ર,,
ઞ,U+0A9E,GUJARATI LETTER NYA
ધ,U+0AA7,GUJARATI LETTER DHA
ઙ,U+0A99,GUJARATI LETTER NGA
ઢ,U+0AA2,GUJARATI LETTER DDHA
ઘ,U+0A98,GUJARATI LETTER GHA
ઝ,U+0A9D,GUJARATI LETTER JHA
થ,U+0AA5,GUJARATI LETTER THA
ઠ,U+0AA0,GUJARATI LETTER TTHA
ખ,U+0A96,GUJARATI LETTER KHA
છ,U+0A9B,GUJARATI LETTER CHA
ઑ,U+0A91,GUJARATI VOWEL CANDRA O
ષ,U+0AB7,GUJARATI LETTER SSA
ળ,U+0AB3,GUJARATI LETTER LLA
શ,U+0AB6,GUJARATI LETTER SHA
્‍,,
્‌,,
्र,,
र्,,
त्र,,
द्द,,
द्ध,,
द्व,,
क्,,
ज्,,
न्,,
ह्म,,
ख्,,
द्य,,
ल्,,
ध्,,
भ्,,
च्,,
त्,,
ग्,,
व्,,
स्,,
Ꮝ,U+13CD,CHEROKEE LETTER S
Ꮏ,U+13BF,CHEROKEE LETTER HNA
Ꮐ,U+13C0,CHEROKEE LETTER NAH
Ꮣ,U+13D3,CHEROKEE LETTER DA
Ꮬ,U+13DC,CHEROKEE LETTER DLA
Ꭶ,U+13A6,CHEROKEE LETTER GA
Ꭽ,U+13AD,CHEROKEE LETTER HA
Ꭷ,U+13A7,CHEROKEE LETTER KA
Ꮃ,U+13B3,CHEROKEE LETTER LA
Ꮉ,U+13B9,CHEROKEE LETTER MA
Ꮎ,U+13BE,CHEROKEE LETTER NA
Ꮖ,U+13C6,CHEROKEE LETTER QUA
Ꮜ,U+13CC,CHEROKEE LETTER SA
Ꮤ,U+13D4,CHEROKEE LETTER TA
Ꮭ,U+13DD,CHEROKEE LETTER TLA
Ꮳ,U+13E3,CHEROKEE LETTER TSA
Ꮹ,U+13E9,CHEROKEE LETTER WA
Ꮿ,U+13EF,CHEROKEE LETTER YA
Ꮥ,U+13D5,CHEROKEE LETTER DE
Ꭸ,U+13A8,CHEROKEE LETTER GE
Ꭾ,U+13AE,CHEROKEE LETTER HE
Ꮄ,U+13B4,CHEROKEE LETTER LE
Ꮊ,U+13BA,CHEROKEE LETTER ME
Ꮑ,U+13C1,CHEROKEE LETTER NE
Ꮗ,U+13C7,CHEROKEE LETTER QUE
Ꮞ,U+13CE,CHEROKEE LETTER SE
Ꮦ,U+13D6,CHEROKEE LETTER TE
Ꮮ,U+13DE,CHEROKEE LETTER TLE
Ꮴ,U+13E4,CHEROKEE LETTER TSE
Ꮺ,U+13EA,CHEROKEE LETTER WE
Ᏸ,U+13F0,CHEROKEE LETTER YE
Ꮧ,U+13D7,CHEROKEE LETTER DI
Ꭹ,U+13A9,CHEROKEE LETTER GI
Ꭿ,U+13AF,CHEROKEE LETTER HI
Ꮅ,U+13B5,CHEROKEE LETTER LI
Ꮋ,U+13BB,CHEROKEE LETTER MI
Ꮒ,U+13C2,CHEROKEE LETTER NI
Ꮘ,U+13C8,CHEROKEE LETTER QUI
Ꮟ,U+13CF,CHEROKEE LETTER SI
Ꮨ,U+13D8,CHEROKEE LETTER TI
Ꮯ,U+13DF,CHEROKEE LETTER TLI
Ꮵ,U+13E5,CHEROKEE LETTER TSI
Ꮻ,U+13EB,CHEROKEE LETTER WI
Ᏹ,U+13F1,CHEROKEE LETTER YI
Ꮩ,U+13D9,CHEROKEE LETTER DO
Ꭺ,U+13AA,CHEROKEE LETTER GO
Ꮀ,U+13B0,CHEROKEE LETTER HO
Ꮆ,U+13B6,CHEROKEE LETTER LO
Ꮌ,U+13BC,CHEROKEE LETTER MO
Ꮓ,U+13C3,CHEROKEE LETTER NO
Ꮙ,U+13C9,CHEROKEE LETTER QUO
Ꮠ,U+13D0,CHEROKEE LETTER SO
Ꮰ,U+13E0,CHEROKEE LETTER TLO
Ꮶ,U+13E6,CHEROKEE LETTER TSO
Ꮼ,U+13EC,CHEROKEE LETTER WO
Ᏺ,U+13F2,CHEROKEE LETTER YO
Ꮪ,U+13DA,CHEROKEE LETTER DU
Ꭻ,U+13AB,CHEROKEE LETTER GU
Ꮁ,U+13B1,CHEROKEE LETTER HU
Ꮇ,U+13B7,CHEROKEE LETTER LU
Ꮍ,U+13BD,CHEROKEE LETTER MU
Ꮔ,U+13C4,CHEROKEE LETTER NU
Ꮚ,U+13CA,CHEROKEE LETTER QUU
Ꮡ,U+13D1,CHEROKEE LETTER SU
Ꮱ,U+13E1,CHEROKEE LETTER TLU
Ꮷ,U+13E7,CHEROKEE LETTER TSU
Ꮽ,U+13ED,CHEROKEE LETTER WU
Ᏻ,U+13F3,CHEROKEE LETTER YU
Ꮫ,U+13DB,CHEROKEE LETTER DV
Ꭼ,U+13AC,CHEROKEE LETTER GV
Ꮂ,U+13B2,CHEROKEE LETTER HV
Ꮈ,U+13B8,CHEROKEE LETTER LV
Ꮕ,U+13C5,CHEROKEE LETTER NV
Ꮛ,U+13CB,CHEROKEE LETTER QUV
Ꮢ,U+13D2,CHEROKEE LETTER SV
Ꮲ,U+13E2,CHEROKEE LETTER TLV
Ꮸ,U+13E8,CHEROKEE LETTER TSV
Ꮾ,U+13EE,CHEROKEE LETTER WV
Ᏼ,U+13F4,CHEROKEE LETTER YV
¤,U+00A4,CURRENCY SIGN
 ̉,,
₫,U+20AB,DONG SIGN
 ̣,,
Ắ,U+1EAE,LATIN CAPITAL LETTER A WITH BREVE AND ACUTE
Ấ,U+1EA4,LATIN CAPITAL LETTER A WITH CIRCUMFLEX AND ACUTE
Ế,U+1EBE,LATIN CAPITAL LETTER E WITH CIRCUMFLEX AND ACUTE
Ố,U+1ED0,LATIN CAPITAL LETTER O WITH CIRCUMFLEX AND ACUTE
Ớ,U+1EDA,LATIN CAPITAL LETTER O WITH HORN AND ACUTE
Ứ,U+1EE8,LATIN CAPITAL LETTER U WITH HORN AND ACUTE
ắ,U+1EAF,LATIN SMALL LETTER A WITH BREVE AND ACUTE
ấ,U+1EA5,LATIN SMALL LETTER A WITH CIRCUMFLEX AND ACUTE
ế,U+1EBF,LATIN SMALL LETTER E WITH CIRCUMFLEX AND ACUTE
ố,U+1ED1,LATIN SMALL LETTER O WITH CIRCUMFLEX AND ACUTE
ớ,U+1EDB,LATIN SMALL LETTER O WITH HORN AND ACUTE
ứ,U+1EE9,LATIN SMALL LETTER U WITH HORN AND ACUTE
Ặ,U+1EB6,LATIN CAPITAL LETTER A WITH BREVE AND DOT BELOW
Ậ,U+1EAC,LATIN CAPITAL LETTER A WITH CIRCUMFLEX AND DOT BELOW
Ệ,U+1EC6,LATIN CAPITAL LETTER E WITH CIRCUMFLEX AND DOT BELOW
Ộ,U+1ED8,LATIN CAPITAL LETTER O WITH CIRCUMFLEX AND DOT BELOW
Ợ,U+1EE2,LATIN CAPITAL LETTER O WITH HORN AND DOT BELOW
Ự,U+1EF0,LATIN CAPITAL LETTER U WITH HORN AND DOT BELOW
ặ,U+1EB7,LATIN SMALL LETTER A WITH BREVE AND DOT BELOW
ậ,U+1EAD,LATIN SMALL LETTER A WITH CIRCUMFLEX AND DOT BELOW
ệ,U+1EC7,LATIN SMALL LETTER E WITH CIRCUMFLEX AND DOT BELOW
ộ,U+1ED9,LATIN SMALL LETTER O WITH CIRCUMFLEX AND DOT BELOW
ợ,U+1EE3,LATIN SMALL LETTER O WITH HORN AND DOT BELOW
ự,U+1EF1,LATIN SMALL LETTER U WITH HORN AND DOT BELOW
Ằ,U+1EB0,LATIN CAPITAL LETTER A WITH BREVE AND GRAVE
Ầ,U+1EA6,LATIN CAPITAL LETTER A WITH CIRCUMFLEX AND GRAVE
Ề,U+1EC0,LATIN CAPITAL LETTER E WITH CIRCUMFLEX AND GRAVE
Ồ,U+1ED2,LATIN CAPITAL LETTER O WITH CIRCUMFLEX AND GRAVE
Ờ,U+1EDC,LATIN CAPITAL LETTER O WITH HORN AND GRAVE
Ừ,U+1EEA,LATIN CAPITAL LETTER U WITH HORN AND GRAVE
ằ,U+1EB1,LATIN SMALL LETTER A WITH BREVE AND GRAVE
ầ,U+1EA7,LATIN SMALL LETTER A WITH CIRCUMFLEX AND GRAVE
ề,U+1EC1,LATIN SMALL LETTER E WITH CIRCUMFLEX AND GRAVE
ồ,U+1ED3,LATIN SMALL LETTER O WITH CIRCUMFLEX AND GRAVE
ờ,U+1EDD,LATIN SMALL LETTER O WITH HORN AND GRAVE
ừ,U+1EEB,LATIN SMALL LETTER U WITH HORN AND GRAVE
Ẳ,U+1EB2,LATIN CAPITAL LETTER A WITH BREVE AND HOOK ABOVE
Ẩ,U+1EA8,LATIN CAPITAL LETTER A WITH CIRCUMFLEX AND HOOK ABOVE
Ể,U+1EC2,LATIN CAPITAL LETTER E WITH CIRCUMFLEX AND HOOK ABOVE
Ổ,U+1ED4,LATIN CAPITAL LETTER O WITH CIRCUMFLEX AND HOOK ABOVE
Ở,U+1EDE,LATIN CAPITAL LETTER O WITH HORN AND HOOK ABOVE
Ử,U+1EEC,LATIN CAPITAL LETTER U WITH HORN AND HOOK ABOVE
ẳ,U+1EB3,LATIN SMALL LETTER A WITH BREVE AND HOOK ABOVE
ẩ,U+1EA9,LATIN SMALL LETTER A WITH CIRCUMFLEX AND HOOK ABOVE
ể,U+1EC3,LATIN SMALL LETTER E WITH CIRCUMFLEX AND HOOK ABOVE
ổ,U+1ED5,LATIN SMALL LETTER O WITH CIRCUMFLEX AND HOOK ABOVE
ở,U+1EDF,LATIN SMALL LETTER O WITH HORN AND HOOK ABOVE
ử,U+1EED,LATIN SMALL LETTER U WITH HORN AND HOOK ABOVE
Ẵ,U+1EB4,LATIN CAPITAL LETTER A WITH BREVE AND TILDE
Ẫ,U+1EAA,LATIN CAPITAL LETTER A WITH CIRCUMFLEX AND TILDE
Ễ,U+1EC4,LATIN CAPITAL LETTER E WITH CIRCUMFLEX AND TILDE
Ỗ,U+1ED6,LATIN CAPITAL LETTER O WITH CIRCUMFLEX AND TILDE
Ỡ,U+1EE0,LATIN CAPITAL LETTER O WITH HORN AND TILDE
Ữ,U+1EEE,LATIN CAPITAL LETTER U WITH HORN AND TILDE
ẵ,U+1EB5,LATIN SMALL LETTER A WITH BREVE AND TILDE
ẫ,U+1EAB,LATIN SMALL LETTER A WITH CIRCUMFLEX AND TILDE
ễ,U+1EC5,LATIN SMALL LETTER E WITH CIRCUMFLEX AND TILDE
ỗ,U+1ED7,LATIN SMALL LETTER O WITH CIRCUMFLEX AND TILDE
ỡ,U+1EE1,LATIN SMALL LETTER O WITH HORN AND TILDE
ữ,U+1EEF,LATIN SMALL LETTER U WITH HORN AND TILDE
